MyBusiness;;;;;;
"
                    Codice
                  ";"
                    Tipo
                  ";"
                    Prodotto
                  ";"
                    Categoria
                  ";"
                    PV Medio
                  ";"
                    Resa
                  ";"
                    Ub.
                  "
PRANZO_62;Ricetta;ZUPPA DI LEGUMI PRANZO;ZZZ ARCHIVIO FOOD;9;1;pz
PASTE_21;Ricetta;ZUPPA DI LEGUMI;ZZZ ARCHIVIO FOOD;7,84;1;pz
PIZZA_17;Ricetta;ZUCCA E TARTUFO;ZZZ ARCHIVIO FOOD;16,2;1;pz
COCKTAILS_26;Ricetta;ZIVAGO MULE;ZZZ ARCHIVIO BEVERAGE;7;1;pz
BOTTIGLIE_4;Ricetta;ZINGI ALE BOTTIGLIA;BOTTIGLIE 🍾;3;1;pz
ZERO_SCUSE;Prodotto;ZERO SCUSE;ZERO SCUSE;0;1;pz
AMARI_14;Ricetta;ZACAPA 23Y;AMARI;8;1;pz
COCKTAILS_17;Ricetta;WHISKY E COLA;COCKTAILS 🍸;7;1;pz
SPILLATORI_15;Ricetta;WEST IPA;SPILLATORI;0;1;pz
COCKTAILS_10;Ricetta;VODKA TONIC;COCKTAILS 🍸;7;1;pz
COCKTAILS_9;Ricetta;VODKA LEMON;COCKTAILS 🍸;7;1;pz
COCKTAILS_63;Ricetta;VODKA E RED BULL SUGAR FREE;COCKTAILS 🍸;5,6;1;pz
COCKTAILS_62;Ricetta;VODKA E RED BULL;COCKTAILS 🍸;7;1;pz
VINI_5;Ricetta;VERMENTINO BOTTIGLIA;VINI;22;1;pz
CONTORNO_CREMONINI_4;Ricetta;VERDURE GRILL CREMONINI;CONTORNI 🥗;0;1;pz
CONTORNI_5;Ricetta;VERDURE GRIGLIATE;ZZZ ARCHIVIO FOOD;4;1;pz
CONTORNI_12;Ricetta;VERDURE GRIGLIATE;CONTORNI 🥗;4,2;1;pz
PIZZE_6;Prodotto;VERDURE E FIORDILATTE;ZZZ ARCHIVIO FOOD;10,4;1;pz
PIZZE_16;Ricetta;VERDURE E BELLA LODI CROCCANTE;ZZZ ARCHIVIO FOOD;9,8;1;pz
PRANZO_58;Ricetta;VERDURE ALLA BRACE PRANZO;MENU PRANZO;8;1;pz
CONTORNI_7;Prodotto;VERDURE AL FORNO;ZZZ ARCHIVIO FOOD;4;1;pz
PRANZO_56;Ricetta;VELLUTATA DI PISELLI PRANZO;ZZZ ARCHIVIO FOOD;7,2;1;pz
BURGER_23;Ricetta;VEGETALE E QUALE DOPPIO BURGER;MAXI BURGER;0;1;pz
BURGER_22;Ricetta;VEGETALE E QUALE BURGER;ZERO SCUSE;10,8;1;pz
BURGER_67;Ricetta;VEG BURGER;ZERO SCUSE;6,5;1;pz
AH_PERO_19;Ricetta;VEG APERITIVO 2 PAX;AH PERO';20;1;pz
AH_PERO_18;Ricetta;VEG APERITIVO 1 PAX;AH PERO';10;1;pz
MERCHANDISING_38;Ricetta;UOVA DI PASQUA CAGLIARI CALCIO;MERCHANDISING;10;1;pz
BOTTIGLIE_1;Ricetta;ULTRA PILS BOTTIGLIA;BOTTIGLIE 🍾;3;1;pz
PRANZO_52;Ricetta;TRIS TAGLIATELLE VERDURE;ZZZ ARCHIVIO FOOD;12;1;pz
PRANZO_60;Ricetta;TRIS TAGLIATELLE POMODORO E OLIVE;ZZZ ARCHIVIO FOOD;12;1;pz
PRANZO_64;Ricetta;TRIS TAGLIATELLA FUNGO E POMODORO;ZZZ ARCHIVIO FOOD;12;1;pz
PRANZO_69;Ricetta;TRIS TAGLIATELLA E RASPADURA;MENU PRANZO;12;1;pz
PRANZO_51;Ricetta;TRIS TAGLIAT ZUCCA E FUNGHI;ZZZ ARCHIVIO FOOD;0;1;pz
PRANZO_21;Ricetta;TRIS POLLO TAGLIATELLE OTTOBRE 2025;ZZZ ARCHIVIO FOOD;8,8;1;pz
PRANZO_24;Ricetta;TRIS POLLO MEZZELUNE OTTOBRE 2025;ZZZ ARCHIVIO FOOD;15,4;1;pz
PRANZO_61;Ricetta;TRIS MEZZELUNE BELLA LODI E PEPE;ZZZ ARCHIVIO FOOD;12;1;pz
PRANZO_47;Ricetta;TRIS MACCH. ZUCCHINE E STRACCIATELLA PRANZO;ZZZ ARCHIVIO FOOD;12;1;pz
PRANZO_46;Ricetta;TRIS MACCH. POMODORO E BASILICO;ZZZ ARCHIVIO FOOD;12;1;pz
LEONARDO_4;Ricetta;TRIS GNOCCHI LEONARDO;MENU;0;1;pz
PRANZO_70;Ricetta;TRIS GNOCCHI BELLA LODI E PEPE;MENU PRANZO;12;1;pz
TRIS_GENOVA_LEONARDO;Ricetta;TRIS FUSILLO GENOVA LEONARDO;MENU;0;1;pz
PRANZO_22;Ricetta;TRIS FUSILLI PRANZO;ZZZ ARCHIVIO FOOD;8,8;1;pz
PRANZO_35;Ricetta;TRIS FUSILLI POMODORO E BASILICO;ZZZ ARCHIVIO FOOD;12;1;pz
PRANZO_36;Ricetta;TRIS FUSILLI ALLA NORMA;ZZZ ARCHIVIO FOOD;12;1;pz
BABY_13;Prodotto;TRIS AL POMODORO BABY;ZZZ ARCHIVIO FOOD;75;1;pz
SMASH_4;Ricetta;TRIPLO SMASH PECORINO E POMODORO;BURGER 🍔;18,4;1;pz
SMASH_2;Ricetta;TRIPLO SMASH BACON E CHEDDAR;BURGER 🍔;17,8;1;pz
DESSERT_29;Ricetta;TRIONFO AL CIOCCOLATO E NOCCIOLA;ZZZ ARCHIVIO FOOD;6,4;1;pz
COCKTAILS_31;Ricetta;TRINITA' BELLINI;ZZZ ARCHIVIO BEVERAGE;7;1;pz
BRACE_45;Ricetta;TRE DI POLLO;BRACE 🔥 🥩;12,64;1;pz
TRANCIO_MARGHERITA;Ricetta;TRANCIO MARGHERITA;ZZZ ARCHIVIO FOOD;3,8;1;pz
TRANCIO_6;Ricetta;TRANCIO FOCACCIA BIANCA DIP;PIZZE;1,5;1;pz
TRANCIO_5;Ricetta;TRANCIO FOCACCIA BIANCA;PIZZE;2,5;1;pz
VINI_13;Ricetta;TRAMINER BOTTIGLIA;VINI;24;1;pz
DESSERT_16;Ricetta;TORTA COMPLEANNO FRUTTI DI BOSCO;ZZZ ARCHIVIO FOOD;0;1;pz
DESSERT_15;Ricetta;TORTA COMPLEANNO CIOCCOLATO;ZZZ ARCHIVIO FOOD;0;1;pz
DESSERT_36;Ricetta;TORTA CAPRESE NEW 11/24;DESSERT 🍰;0;1;pz
DESSERT_14;Ricetta;TORTA CAPRESE;ZZZ ARCHIVIO FOOD;7;1;pz
PREZZO_TOO_GOOD_TO_GO;Prodotto;TOO GOOD TO GO;PROMO;19,95;1;pz
BIBITE_7;Ricetta;TONICA;BIBITE 🥤;3,8;1;pz
TONDA_4;Ricetta;TONDA MORTADELLA E BELLA LODI;ZZZ ARCHIVIO FOOD;0;1;pz
TONDA_2;Ricetta;TONDA MARGHERITA;ZZZ ARCHIVIO FOOD;0;1;pz
TONDA_3;Ricetta;TONDA FUNGHI E FIORDILATTE;ZZZ ARCHIVIO FOOD;0;1;pz
TONDA_1;Ricetta;TONDA CRUDO E PICCADILLY;ZZZ ARCHIVIO FOOD;0;1;pz
EVENTI_16;Ricetta;TOAST;BAR;5;1;pz
BIBITE_5;Ricetta;THE PESCA;BIBITE 🥤;3,8;1;pz
BIBITE_6;Ricetta;THE LIMONE;BIBITE 🥤;4;1;pz
CAFFE_22;Ricetta;THE CALDO;CAFFE' ☕;4;1;pz
FT1;Prodotto;Testo articolo;ZZZ ARCHIVIO FOOD;0;1;pz
COCKTAILS_18;Ricetta;TEQUILA SALE E LIMONE;COCKTAILS 🍸;3;1;pz
COCKTAILS_19;Ricetta;TEQUILA BUM BUM;COCKTAILS 🍸;3;1;pz
VARIANTI BEVERAGE_12;Prodotto;TEMPERATURA AMBIENTE;BIBITE 🥤;0;1;pz
PREMI_LOYALTY_2;Ricetta;TELO PALESTRA EYE SPORT;MERCHANDISING;0;1;pz
MERCHANDISING_10;Prodotto;TELO MARE DM;ZZZ ARCHIVIO FOOD;0;1;pz
VARIANTI CAFFE'_6;Prodotto;TAZZA PICCOLA;CAFFE' ☕;0;1;pz
MERCHANDISING_31;Ricetta;TAZZA MUG PULLY;MERCHANDISING;11,61;1;pz
VARIANTI CAFFE'_5;Prodotto;TAZZA GRANDE;CAFFE' ☕;0;1;pz
STARTER_12;Prodotto;TARTARE ZUCCHINE E RASPADURA;ZZZ ARCHIVIO FOOD;0;1;pz
STARTER_56;Ricetta;TARTARE ZUCCHINE E BELLA LODI;ZZZ ARCHIVIO FOOD;8,8;1;pz
BRACE_30;Ricetta;TARTARE ZUCCA E FUNGHI;ZZZ ARCHIVIO FOOD;15,8;1;pz
STARTER_14;Ricetta;TARTARE STRACCIATELLA E PICCADILLY;ZZZ ARCHIVIO FOOD;0;1;pz
BRACE_23;Ricetta;TARTARE STRACCIATELLA AL TARTUFO E FUNGHI;ZZZ ARCHIVIO FOOD;0;1;pz
STARTER_64;Ricetta;TARTARE PISTACCHIO E BELLA LODI;STARTER;15,6;1;pz
STARTER_60;Ricetta;TARTARE FUNGHI;ZZZ ARCHIVIO FOOD;7,8;1;pz
BURGER_58;Ricetta;TARTARE E STRACCIATELLA BURGER;ZZZ ARCHIVIO FOOD;12,4;1;pz
BURGER_78;Ricetta;TARTARE E BELLA LODI BURGER;BURGER 🍔;13,8;1;pz
BURGER_41;Ricetta;TARTARE E BELLA LODI;ZZZ ARCHIVIO FOOD;0;1;pz
BRACE_29;Ricetta;TARTARE CREMA DI GRANA E VERDURE;ZZZ ARCHIVIO FOOD;12,6;1;pz
STARTER_32;Ricetta;TARTARE ALLA CARBONARA;ZZZ ARCHIVIO FOOD;9,8;1;pz
STARTER_31;Ricetta;TARTARE AL TARTUFO;ZZZ ARCHIVIO FOOD;9,8;1;pz
COCKTAILS_47;Ricetta;TANQUERAY TONIC;ZZZ ARCHIVIO BEVERAGE;10;1;pz
COCKTAILS_46;Ricetta;TANQUERAY LEMON;ZZZ ARCHIVIO BEVERAGE;10;1;pz
GELATI_41;Prodotto;TANDEM;BAR;3;1;pz
AMARI_12;Ricetta;TALISKER;AMARI;7;1;pz
STARTER_67;Ricetta;TAGLIERE SAN DANIELE;STARTER;36;1;pz
PRANZO_48;Ricetta;TAGLIATELLE ZUCCA E FUNGHI;ZZZ ARCHIVIO FOOD;9;1;pz
PRANZO_50;Ricetta;TAGLIATELLE VERDURE E POMODORO;ZZZ ARCHIVIO FOOD;7,2;1;pz
PRANZO_68;Ricetta;TAGLIATELLE POMODORO E RASPADURA;MENU PRANZO;9;1;pz
PRANZO_54;Ricetta;TAGLIATELLE POMODORO E OLIVE;ZZZ ARCHIVIO FOOD;9;1;pz
PRANZO_65;Ricetta;TAGLIATELLE POMODORO E FUNGHI;ZZZ ARCHIVIO FOOD;9;1;pz
PASTE_28;Ricetta;TAGLIATELLE POLPO E OLIVE;PASTE;63,6;1;pz
PRIMI_CREMONINI_5;Ricetta;TAGLIATELLE PICADILLY E RASPADURA;PASTE;0;1;pz
PRIMI_CREMONINI_3;Ricetta;TAGLIATELLE PERCORINO E MENTA;PASTE;0;1;pz
PRIMI_CREMONINI_4;Ricetta;TAGLIATELLE 'NDUJA E MELANZANE;PASTE;0;1;pz
PASTE_8 ;Ricetta;TAGLIATELLE GRANA, FUNGHI E TARTUFO;ZZZ ARCHIVIO FOOD;14,2;1;pz
PASTE_8;Ricetta;TAGLIATELLE GRANA, FUNGHI E TARTUFO;ZZZ ARCHIVIO FOOD;14,2;1;pz
PRANZO_41;Ricetta;TAGLIATELLE GRANA E VERDURE;ZZZ ARCHIVIO FOOD;9;1;pz
PRANZO_31;Ricetta;TAGLIATELLE GRANA E FUNGHI PRANZO;ZZZ ARCHIVIO FOOD;9;1;pz
PRIMI_CREMONINI_6;Ricetta;TAGLIATELLE CREMA DI ZUCCHINE E RASPADURA;PASTE;0;1;pz
PASTE_10;Ricetta;TAGLIATELLE AL RAGU’1;PASTE;12,4;1;pz
PASTE_10 ;Ricetta;TAGLIATELLE AL RAGU’;PASTE;12,4;1;pz
PASTE_14;Ricetta;TAGLIATELLE AL POLPO ROSSO;ZZZ ARCHIVIO FOOD;13,8;1;pz
PRIMI_CREMONINI_7;Ricetta;TAGLIATELLE AL LIMONE;PASTE;0;1;pz
PASTE_23;Ricetta;TAGLIATELLA CARBONARA;PASTE;13,9;1;pz
PASTE_24;Ricetta;TAGLIATELLA AMATRICIANA;PASTE;12,4;1;pz
BRACE_7;Ricetta;TAGLIATA SPECIALE;ZZZ ARCHIVIO FOOD;17,8;1;pz
STARTER_55;Ricetta;TAGLIATA DI POLLO PANATO;STARTER;7,2;1;pz
BRACE_43;Ricetta;TAGLIATA DI POLLO BBQ;BRACE 🔥 🥩;11,84;1;pz
PRANZO_38;Ricetta;TAGLIATA DI POLLO ALLA BRACE PRANZO;MENU PRANZO;7,8;1;pz
BRACE_27;Ricetta;TAGLIATA DI POLLO;BRACE 🔥 🥩;13,8;1;pz
SECONDI_CREMONINI_1;Ricetta;TAGLIATA DI MANZO;MINI BRACE;0;1;pz
BURGER_24 ;Ricetta;SUPREMA E VERDURE GRIGLIATE;ZZZ ARCHIVIO FOOD;12,4;1;pz
BURGER_24;Ricetta;SUPREMA E VERDURE GRIGLIATE;ZZZ ARCHIVIO FOOD;12,4;1;pz
BRACE_4;Ricetta;SUPREMA DI POLLO;ZZZ ARCHIVIO FOOD;13,8;1;pz
BURGER_70;Ricetta;SUPER PORK;ZZZ ARCHIVIO FOOD;6,5;1;pz
BURGER_20;Ricetta;SUPER CLASSICO BURGER;ZERO SCUSE;9,8;1;pz
BURGER_81;Ricetta;SUPER CLASSICO BEACH;BURGER;11,2;1;pz
BURGER_30;Ricetta;SUPER BURGER;ZZZ ARCHIVIO FOOD;10,8;1;pz
BOTTIGLIE_15;Ricetta;SUPER BLANCHE BOTTIGLIA;BOTTIGLIE 🍾;0;1;pz
BURGER_76;Ricetta;SUPER BBQ;BURGER 🍔;0;1;pz
BOTTIGLIE_6;Ricetta;SUMMER IPA BOTTIGLIA;BOTTIGLIE 🍾;3;1;pz
SUCCHI_1;Prodotto;SUCCO;BIBITE;8,4;1;pz
INSALATE_13;Ricetta;STRACCETTI DI POLLO E POMODORI;ZZZ ARCHIVIO FOOD;10,8;1;pz
BURGER_66;Ricetta;STRA BURGER;ZERO SCUSE;6,5;1;pz
GELATI_21;Prodotto;STECCO UNICORNO;SOFT DRINK;1,5;1;pz
GELATI_24;Ricetta;STECCO POKEMON;GELATI;2,2;1;pz
AMARI_17;Ricetta;ST. JAMES;AMARI;5;1;pz
COCKTAILS_61;Ricetta;SPRITZ SPILL;COCKTAILS 🍸;0;1;pz
COCKTAILS_36;Ricetta;SPRITZ HUGO;COCKTAILS 🍸;7;1;pz
COCKTAILS_2;Ricetta;SPRITZ CAMPARI;COCKTAILS 🍸;7;1;pz
COCKTAILS_1;Ricetta;SPRITZ APEROL;COCKTAILS 🍸;7;1;pz
BIBITE_30;Ricetta;SPRITE PET;BIBITE 🥤;4;1;pz
COLAZIONE_2;Prodotto;SPREMUTA;CAFFE' ☕;3,5;1;pz
SPILLATORE_LOYALTY_COMPLEANNO;Prodotto;SPILLATORE LOYALTY;Loyalty;24;1;pz
SPILLATORI_6;Ricetta;SPILL ZINGI ALE;SPILLATORI;26;1;pz
SPILLATORI_1;Ricetta;SPILL ULTRA PILS;SPILLATORI;26;1;pz
SPILLATORI_13;Ricetta;SPILL SUPER CHIARA;SPILLATORI;28;1;pz
SPILLATORI_18;Ricetta;SPILL SUPER BLANCHE;SPILLATORI;0;1;pz
SPILLATORI_3;Ricetta;SPILL SUMMER IPA;SPILLATORI;0;1;pz
SPILLATORI_20;Ricetta;SPILL SUMMER ALCOOL FREE;SPILLATORI;27;1;pz
SPILLATORI_9;Ricetta;SPILL SEXY IPA;SPILLATORI;28;1;pz
SPILLATORI_16;Ricetta;SPILL REGINA;SPILLATORI;26;1;pz
SPILLATORI_14;Ricetta;SPILL 'O SOLE MIO;SPILLATORI;26;1;pz
SPILLATORI_17;Ricetta;SPILL MAGNUS;SPILLATORI;26;1;pz
SPILLATORI_2;Ricetta;SPILL IPER WEISS;SPILLATORI;26;1;pz
SPILLATORI_11;Ricetta;SPILL IMPERIALE;SPILLATORI;26;1;pz
SPILLATORI_5;Ricetta;SPILL HONEY IPA;SPILLATORI;26;1;pz
SPILLATORI_4;Ricetta;SPILL EXTRA BITTER;SPILLATORI;26;1;pz
SPILLATORI_8;Ricetta;SPILL COCOA IPA;SPILLATORI;26;1;pz
SPILLATORI_19;Ricetta;SPILL CHIARA ALCOOL FREE;SPILLATORI;27;1;pz
SPILLATORI_12;Ricetta;SPILL BLACK STOUT;SPILLATORI;0;1;pz
SPILLATORI_7;Ricetta;SPILL BELLA ROSSA;SPILLATORI;26;1;pz
SPILLATORI_10;Ricetta;SPILL + CHE ROSSA;SPILLATORI;28;1;pz
CONCERTI_FOOD_4;Ricetta;SPIEDINI POLLO E PATATINE;BURGER 🍔;15;1;pz
STARTER_61;Ricetta;SPIEDINI DI POLLO PANATI;STARTER;13,4;1;pz
STARTER_30;Ricetta;SPICCHIO STRACCIATELLA E PICCADILLY;ZZZ ARCHIVIO FOOD;4,8;1;pz
STARTER_44;Ricetta;SPICCHI DI FOCACCIA;STARTER;6,4;1;pz
PACKAGING_6;Prodotto;SPESE DI CONSEGNA;PACKAGING;0,79;1;pz
SECONDI_CREMONINI_2;Ricetta;SOVRACOSCIA CREMONINI;MINI BRACE;0;1;pz
DESSERT_26;Ricetta;SORBETTO POMPELMO ROSA;ZZZ ARCHIVIO FOOD;5,8;1;pz
GELATI_22;Ricetta;SORBELLO;GELATI;2;1;pz
SML_CIOCCO;Sotto ricetta;SML_CIOCCOLATA CALDA;ZZZ ARCHIVIO FOOD;0;2,7;kg
SML_UOVO LAVORATO;Sotto ricetta;SML UOVO LAVORATO;SML IN USO;0;1;pz
SML_TRANCIO FOCACCIA BIANCA;Sotto ricetta;SML TRANCIO FOCACCIA BIANCA;SML IN USO;0;1;pz
SML_SUCCO LIMONE;Sotto ricetta;SML SUCCO LIMONE;SML IN USO;0;1;lt
SML_STRACCIA TARTUFO;Sotto ricetta;SML STRACCIATELLA TARTUFO;ZZZ ARCHIVIO FOOD;0;1,1;kg
SML_SALSA POMO;Sotto ricetta;SML SALSA POMODORO;SML IN USO;0;2,65;kg
SML_PATATE SPICCHIO;Sotto ricetta;SML PATATE SPICCHIO;SML IN USO;0;1,54;kg
SML_MOUSSE CANNOLO SCOPOSTO;Sotto ricetta;SML MOUSSE CANNOLO SCOPOSTO;SML IN USO;0;1,35;kg
SML_MOUSSE BELLA LODI;Sotto ricetta;SML MOUSSE BELLA LODI;SML IN USO;0;0,83;kg
SML_MAYO POMO;Sotto ricetta;SML MAYO POMODORI SECCHI;SML IN USO;0;2;kg
SML_MAYO BIRRA;Sotto ricetta;SML MAYO BIRRA;SML IN USO;0;1,14;kg
SML_GRANA CROC;Sotto ricetta;SML GRANA CROCCANTE;SML IN USO;0;0,2;kg
SML_GLASSA ALETTE;Sotto ricetta;SML GLASSA ALETTE;ZZZ ARCHIVIO FOOD;0;1;kg
SMLFUSILLI NORMA;Sotto ricetta;SML FUSILLI ALLA NORMA PRANZO;ZZZ ARCHIVIO FOOD;7,2;0,36;kg
SML_FUNGHI PORTOBELLO;Sotto ricetta;SML FUNGHI PORTOBELLO;ZZZ ARCHIVIO FOOD;0;0,52;kg
SML FIORDILATTE TORINO;Sotto ricetta;SML FIORDILATTE TORINO;ZZZ ARCHIVIO FOOD;0;3;kg
SML_EMULSIONE PESTO;Sotto ricetta;SML EMULSIONE AL PESTO;ZZZ ARCHIVIO FOOD;0;0,65;kg
SML_EMULSIONE FINOCCHIETTO;Sotto ricetta;SML EMULSIONE AL FINOCCHIETTO;ZZZ ARCHIVIO FOOD;0;0,35;kg
SML_EMULSIONE BASILICO;Sotto ricetta;SML EMULSIONE AL BASILICO;SML IN USO;0;1,1;lt
SML_CRUMBLE;Sotto ricetta;SML CRUMBLE SBRISOLONA;SML IN USO;0;7;pz
SML_CREMA ZUCCHINE;Sotto ricetta;SML CREMA ZUCCHINE;SML IN USO;0;1;kg
SML_CREMA GRANA TARTUFO;Sotto ricetta;SML CREMA GRANA TARTUFO;ZZZ ARCHIVIO FOOD;0;0,24;kg
SML_CREMA GRANA;Sotto ricetta;SML CREMA DI GRANA;ZZZ ARCHIVIO FOOD;0;1,3;kg
SML_CREMA BURRATA;Sotto ricetta;SML CREMA BURRATA;SML IN USO;0;1;kg
SML_CONTORNO BRACE;Sotto ricetta;SML CONTORNO BRACE;SML IN USO;0;5;pz
SML_MENAGE;Sotto ricetta;SML CONDIMENTI MENAGE;SML IN USO;0;1;pz
SML_CITRONETTE MENTA;Sotto ricetta;SML CITRONETTE MENTA E LIMONE;ZZZ ARCHIVIO FOOD;0;0,13;lt
SML CIOCCOLATO TORINO ;Sotto ricetta;SML CIOCCOLATO  TORINO;ZZZ ARCHIVIO FOOD;0;3;kg
SML_BIRRAMISù;Sotto ricetta;SML BIRRAMISù;SML IN USO;0;15;pz
SML BASE CHEESECAKE;Sotto ricetta;SML BASE CHEESECAKE;SML IN USO;0;16;pz
TRANCIO_3;Ricetta;SLICE MORTADELLA E BELLA LODI;ZZZ ARCHIVIO FOOD;9,8;1;pz
TRANCIO_4;Ricetta;SLICE FUNGHI E FIOR DI LATTE;ZZZ ARCHIVIO FOOD;9,8;1;pz
TRANCIO_2;Ricetta;SLICE CRUDO E PICCADILLY;ZZZ ARCHIVIO FOOD;9,12;1;pz
STARTER_62;Ricetta;SIAMO FRITTI;STARTER;13,6;1;pz
COCKTAILS_23;Ricetta;SI SALVIA CHI PUO';ZZZ ARCHIVIO BEVERAGE;0;1;pz
BEER_TOUR_6;Ricetta;SHOT ZINGI ALE;BEER TOUR 🍻;0;1;pz
BEER_TOUR_21;Ricetta;SHOT WEST IPA;BEER TOUR 🍻;0;1;pz
BEER_TOUR_1;Ricetta;SHOT ULTRA PILS;BEER TOUR 🍻;0;1;pz
BEER_TOUR_13;Ricetta;SHOT SUPER CHIARA;BEER TOUR 🍻;0;1;pz
BEER_TOUR_23;Ricetta;SHOT SUPER BLANCHE;BEER TOUR 🍻;0;1;pz
BEER_TOUR_3;Ricetta;SHOT SUMMER IPA;BEER TOUR 🍻;2,25;1;pz
BEER_TOUR_25;Ricetta;SHOT SUMMER ALCOOL FREE;BEER TOUR 🍻;2,5;1;pz
BEER_TOUR_9;Ricetta;SHOT SEXY IPA;BEER TOUR 🍻;0;1;pz
BEER_TOUR_19;Ricetta;SHOT REGINA;BEER TOUR 🍻;2,25;1;pz
BEER_TOUR_14;Ricetta;SHOT 'O SOLE MIO;BEER TOUR 🍻;0;1;pz
BEER_TOUR_22;Ricetta;SHOT MAGNUS;BEER TOUR 🍻;0;1;pz
BEER_TOUR_2;Ricetta;SHOT IPER WEISS;BEER TOUR 🍻;2,25;1;pz
BEER_TOUR_11;Ricetta;SHOT IMPERIALE;BEER TOUR 🍻;0;1;pz
BEER_TOUR_5;Ricetta;SHOT HONEY IPA;BEER TOUR 🍻;0;1;pz
BEER_TOUR_4;Ricetta;SHOT EXTRA BITTER;BEER TOUR 🍻;2,25;1;pz
BEER_TOUR_8;Ricetta;SHOT COCOA IPA;BEER TOUR 🍻;0;1;pz
BEER_TOUR_24;Ricetta;SHOT CHIARA ALCOOL FREE;BEER TOUR 🍻;2,5;1;pz
BEER_TOUR_12;Ricetta;SHOT BLACK STOUT;BEER TOUR 🍻;0;1;pz
COCKTAILS_34;Ricetta;SHOT BELVEDERE;ZZZ ARCHIVIO BEVERAGE;4;1;pz
BEER_TOUR_7;Ricetta;SHOT BELLA ROSSA;BEER TOUR 🍻;0;1;pz
BEER_TOUR_10;Ricetta;SHOT + CHE ROSSA;BEER TOUR 🍻;0;1;pz
MERCHANDISING_12;Ricetta;SHOPPER VERDE;MERCHANDISING;8;1;pz
MERCHANDISING_14;Ricetta;SHOPPER FUCSIA;MERCHANDISING;8;1;pz
MERCHANDISING_5;Prodotto;SHOPPER DM IN TELA;ZZZ ARCHIVIO FOOD;10;1;pz
MERCHANDISING_13;Ricetta;SHOPPER BEIGE;MERCHANDISING;6,4;1;pz
PACKAGING_5;Ricetta;SHOPPER ASPORTO;PACKAGING;0;1;pz
VARIANTI_SALSE_+_36;Ricetta;SEXY SAUCE CIOTOLINA;SALSE;1,12;1;pz
BOTTIGLIE_3;Ricetta;SEXY IPA BOTTIGLIA;BOTTIGLIE 🍾;3;1;pz
COCKTAILS_12;Ricetta;SEX ON THE BEACH;COCKTAILS 🍸;7;1;pz
COPERTI_9;Prodotto;SERVIZIO TORTA;COPERTI;2;1;pz
COPERTI_4;Ricetta;SERVIZIO PRANZO;MENU PRANZO;2;1;pz
SCELTA_BEVERAGE_TORNEO;Prodotto;SERVIZIO DRINK TORNEO;COPERTI;6;1;pz
COPERTI_2;Prodotto;SERVIZIO DRINK;COPERTI;0;1;pz
COPERTI_42;Ricetta;SERVIZIO CREMONINI;COPERTI;136;1;pz
COPERTI_1;Ricetta;SERVIZIO;COPERTI;2;1;pz
VARIANTI BEVERAGE_11;Ricetta;SENZA SCHIUMA;VARIANTI BEVERAGE;0;1;pz
SALSE_3;Ricetta;SENAPE IN BARATTOLO;ZZZ ARCHIVIO FOOD;1;1;pz
SALSE_7;Ricetta;SENAPE CIOTOLINA;ZZZ ARCHIVIO FOOD;0;1;pz
STARTER_42;Ricetta;SCOTTADITO DI MAIALE;ZZZ ARCHIVIO FOOD;6,8;1;pz
MBR_000089;Ricetta;SCONTRINI;COPERTI;0;1;nr
SCELTA_SECONDO_DRINK_FESTE;Prodotto;SCELTA SECONDO DRINK FESTE;MENU';0;1;pz
SCELTA_POKE _INSALATA;Prodotto;SCELTA POKE INSALATA;CAFFETTERIA;0;1;pz
SCLETA_CONTORNO_PROMO_DRINK;Prodotto;SCELTA CONTORNO PROMO DRINK;MENU;3;1;pz
SCELTA_BEVANDE_MENU_FESTE;Prodotto;SCELTA BEVANDE MENU FESTE;MENU';0;1;pz
COCKTAILS_32;Ricetta;SCEICCO;ZZZ ARCHIVIO BEVERAGE;7;1;pz
BOTTIGLIE_13;Ricetta;SC GLUTEN FREE ASPORTO;BOTTIGLIE 🍾;2;1;pz
BOTTIGLIE_9;Ricetta;SC GLUTEN FREE;BOTTIGLIE 🍾;3;1;pz
DESSERT_35;Ricetta;SBRISOLONA NEW 11/24;ZZZ ARCHIVIO FOOD;0;1;pz
DESSERT_10;Ricetta;SBRISOLONA;ZZZ ARCHIVIO FOOD;5,2;1;pz
GELATI_40;Prodotto;SANSONI;SOFT DRINK;3;1;pz
AMARI_7;Ricetta;SAMBUCA;AMARI;4;1;pz
VARIANTI_SALSE_+_35;Ricetta;SALSA CHEDDAR CIOTOLINA;VARIANTI SALSE +;2,8;1;pz
VARIANTI_SALSE_+_34;Ricetta;SALSA BBQ BIANCA CIOTOLINA;VARIANTI FOOD +;1,4;1;pz
VARIANTI_SALSE_+_33;Ricetta;SALSA ALLA BIRRA CIOTOLINA;VARIANTI SALSE +;1,4;1;pz
BURGER_14;Ricetta;SALMONE E POMODORI;ZZZ ARCHIVIO FOOD;13,8;1;pz
BURGER_21;Ricetta;SALAMELLA E TARTUFO BURGER;ZZZ ARCHIVIO FOOD;11,8;1;pz
BRACE_35;Ricetta;SALAMELLA E TARTUFO;ZZZ ARCHIVIO FOOD;17,2;1;pz
SECONDI_CREMONINI_4;Ricetta;SALAMELLA CREMONINI;MINI BRACE;0;1;pz
BRACE_9;Ricetta;SALAMELLA ALLA BIRRA;ZZZ ARCHIVIO FOOD;13,6;1;pz
COCKTAILS_16;Ricetta;RUM COOLER;ZZZ ARCHIVIO BEVERAGE;7;1;pz
VINI_7;Ricetta;ROSATO BOTTIGLIA;VINI;24;1;pz
STARTER_3;Ricetta;RONDELLE DI MELANZANA;STARTER;4,8;1;pz
COCKTAILS_58;Ricetta;RIVIERA;COCKTAILS 🍸;7;1;pz
VARIANTI CAFFE'_2;Prodotto;RISTRETTO;VARIANTI CAFFE';0;1;pz
ADD_ON_DRINK_1;Prodotto;RICETTA BASE;COMMENTI;0;1;pz
RIC202320;Ricetta;RICAVI 22 %;ZZZ ARCHIVIO FOOD;0;1;pz
RIC2023;Ricetta;RICAVI 10 %;ZZZ ARCHIVIO FOOD;0;1;pz
DAMIGIANE_6;Ricetta;RICARICA ZINGI ALE;DAMIGIANE;22;1;pz
DAMIGIANE_15;Ricetta;RICARICA WEST IPA;DAMIGIANE;0;1;pz
DAMIGIANE_1;Ricetta;RICARICA ULTRA PILS;DAMIGIANE;20;1;pz
DAMIGIANE_13;Ricetta;RICARICA SUPER CHIARA;DAMIGIANE;20;1;pz
DAMIGIANE_19;Ricetta;RICARICA SUPER BLANCHE;DAMIGIANE;0;1;pz
DAMIGIANE_3;Ricetta;RICARICA SUMMER IPA;DAMIGIANE;18;1;pz
DAMIGIANE_9;Ricetta;RICARICA SEXY IPA;DAMIGIANE;22;1;pz
DAMIGIANE_16;Ricetta;RICARICA REGINA;DAMIGIANE;0;1;pz
DAMIGIANE_17;Ricetta;RICARICA 'O SOLE MIO;DAMIGIANE;22;1;pz
DAMIGIANE_18;Ricetta;RICARICA MAGNUS;DAMIGIANE;22;1;pz
DAMIGIANE_2;Ricetta;RICARICA IPER WEISS;DAMIGIANE;20;1;pz
DAMIGIANE_11;Ricetta;RICARICA IMPERIALE;DAMIGIANE;22;1;pz
DAMIGIANE_5;Ricetta;RICARICA HONEY IPA;DAMIGIANE;22;1;pz
DAMIGIANE_4;Ricetta;RICARICA EXTRA BITTER;DAMIGIANE;0;1;pz
DAMIGIANE_8;Ricetta;RICARICA COCOA IPA;DAMIGIANE;22;1;pz
DAMIGIANE_12;Ricetta;RICARICA BLACK STOUT;DAMIGIANE;22;1;pz
DAMIGIANE_7;Ricetta;RICARICA BELLA ROSSA;DAMIGIANE;0;1;pz
DAMIGIANE_10;Ricetta;RICARICA + CHE ROSSA;DAMIGIANE;19,8;1;pz
BIRRE_PLASTICA_22;Ricetta;REGINA PLASTICA;BIRRE PLASTICA;4,8;1;pz
BIBITE_19;Ricetta;RED BULL ZERO;BIBITE 🥤;3,8;1;pz
BIBITE_37;Prodotto;RED BULL SUMMER EDITION;BIBITE 🥤;3;1;pz
BIBITE_18;Ricetta;RED BULL;BIBITE 🥤;4;1;pz
AMARI_6;Ricetta;RAMAZZOTTI;AMARI;0;1;pz
STARTER_41;Ricetta;QUADROTTI AL RAGU';ZZZ ARCHIVIO FOOD;6,8;1;pz
loyalty_discount;Prodotto;Qodeup Discount;SMAIL LOYALTY;-3,4;1;pz
MERCHANDISING_33;Ricetta;PUPAZZO PULLY;MERCHANDISING;19,9;1;pz
PRANZO_53;Ricetta;PULLED PORK PRANZO;ZZZ ARCHIVIO FOOD;7,8;1;pz
CONCERTI_FOOD_3;Ricetta;PULLED PORK E PATATINE;BURGER 🍔;16;1;pz
BURGER_36;Ricetta;PULLED PORK ALL'ITALIANA;BURGER 🍔;11,8;1;pz
PRANZO_43;Ricetta;PULLED CHICKEN PRANZO;ZZZ ARCHIVIO FOOD;7,8;1;pz
BURGER_37;Ricetta;PULLED CHICKEN MEDITERRANEO;ZZZ ARCHIVIO FOOD;12,4;1;pz
BURGER_42;Ricetta;PROVOLA E VERDURE;ZZZ ARCHIVIO FOOD;11,8;1;pz
BURGER_35;Ricetta;PROVOLA E BACON;BURGER 🍔;13,4;1;pz
VINI_9;Ricetta;PROSECCO PREMIUM BOTTIGLIA;VINI;24;1;pz
VINI_11;Prodotto;PROSECCO COCKTAILS;ZZZ ARCHIVIO BEVERAGE;15;1;pz
STARTER_66;Ricetta;PROSCIUTTO E MELONE;STARTER;12;1;pz
PROMO_PARTITA;Prodotto;PROMO PARTITA;PROMO;10;1;pz
PROMO_DRINK_DORMELLETTO;Prodotto;PROMO DRINK DM DORMELLETTO;PROMO;0;1;pz
PROMO_CAM_PAINT;Prodotto;PROMO CAM PAINT;PROMO;0;1;pz
PROMO_BOTTIGLIE_FREE;Prodotto;PROMO BOTTIGLIE FREE;PROMO;0;1;pz
PROMO_BOTTIGLIE_DELIVERY;Prodotto;PROMO BOTTIGLIE DELIVERY;PROMO;4;1;pz
PACKAGING_4;Ricetta;POSATE ASPORTO 1 PZ;PACKAGING;0;1;pz
COCKTAILS_57;Ricetta;PORTOFINO TONIC;ZZZ ARCHIVIO BEVERAGE;0;1;pz
PIZZE_5;Prodotto;PORCHETTA E STRACCIATELLA;ZZZ ARCHIVIO FOOD;233,2;1;pz
BURGER_29;Ricetta;PORCHETTA E MELENZANE;ZZZ ARCHIVIO FOOD;10,8;1;pz
COPERTI_8;Ricetta;POP CORN MUG;POP CORN;0;1;pz
BRACE_28;Ricetta;POLPO E PATATE;ZZZ ARCHIVIO FOOD;19,44;1;pz
BURGER_10;Ricetta;POLPO E BURRATA;SMASH BURGER 🍔;14,8;1;pz
BRACE_14;Ricetta;POLPO ALLA GRIGLIA;BRACE 🔥 🥩;21,6;1;pz
STARTER_37;Ricetta;POLPETTE AL SUGO;ZZZ ARCHIVIO FOOD;7,8;1;pz
PRANZO_19;Ricetta;POLLO FRITTO E PECORINO PRANZO;ZZZ ARCHIVIO FOOD;0;1;pz
CONCERTI_FOOD_2;Ricetta;POLLO FRITTO E PATATINE;BURGER 🍔;28,8;1;pz
BURGER_19;Ricetta;POLLO FRITTO E PANCETTA;ZZZ ARCHIVIO FOOD;11,8;1;pz
BURGER_54;Ricetta;POLLO FRITTO BURGER;BURGER 🍔;0;1;pz
STARTER_1;Ricetta;POLLO FRITTO;ZZZ ARCHIVIO FOOD;7,6;1;pz
EVENTI_25;Ricetta;POKE VEGETARIANA;BAR;12;1;pz
EVENTI_26;Ricetta;POKE TONNO E MOZZARELLA;BAR;12;1;pz
EVENTI_24;Ricetta;POKE GAMBERI E SALMONE;BAR;12;1;pz
VARIANTI BEVERAGE_10;Prodotto;POCA SCHIUMA;VARIANTI BEVERAGE;0;1;pz
EVENTI_1;Ricetta;PIZZETTA MARGHERITA;IMOLA GP FOOD;5;1;pz
PIZZE_3;Ricetta;PIZZA PARMIGIANA;ZZZ ARCHIVIO FOOD;9,8;1;pz
PIZZE_24;Ricetta;PIZZA ORTOLANA;PIZZE;0;1;pz
BABY_10;Ricetta;PIZZA NUTELLA BABY;MENU' BABY 👶🏻;0;1;pz
DESSERT_25;Ricetta;PIZZA NUTELLA;ZZZ ARCHIVIO FOOD;4,8;1;pz
PRANZO_26;Ricetta;PIZZA CAPRESE PRANZO;ZZZ ARCHIVIO FOOD;6,8;1;pz
GELATI_10;Ricetta;PIRULO COLA;GELATI;3;1;pz
PRANZO_33;Ricetta;PICCADILLY, GRANA E OLIVE PRANZO;ZZZ ARCHIVIO FOOD;9;1;pz
PIZZE_13 ;Ricetta;PICCADILLY E OLIVE;ZZZ ARCHIVIO FOOD;8,2;1;pz
PIZZE_13;Ricetta;PICCADILLY E OLIVE;ZZZ ARCHIVIO FOOD;8,2;1;pz
AH_PERO'_6;Prodotto;PIATTO APERITIVO PALERMO;ZZZ ARCHIVIO FOOD;0;1;pz
PRANZO_6;Ricetta;PETTO DI POLLO PRANZO;ZZZ ARCHIVIO FOOD;10;1;pz
FRUTTA_STADIO_3;Ricetta;PESCA;DESSERT 🍰;0;1;pz
FRUTTA_STADIO_4;Ricetta;PERA;DESSERT 🍰;0;1;pz
BURGER_4;Ricetta;PECORINO E VESUVIANO;ZZZ ARCHIVIO FOOD;11,8;1;pz
CONTORNI_8;Ricetta;PATATE CHIPS;CONTORNI 🥗;0;1;pz
CONTORNO_CREMONINI_1;Ricetta;PATATE A SPICCHIO CREMONINI;CONTORNI 🥗;0;1;pz
CONTORNI_2;Ricetta;PATATE A SPICCHIO;CONTORNI 🥗;4;1;pz
CONTORNI_1;Ricetta;PATATE A FIAMMIFERO;CONTORNI 🥗;4;1;pz
COLAZIONE_1;Prodotto;PASTICCERIA;CAFFE' ☕;1,5;1;pz
BABY_15;Ricetta;PASTA BABY ROSSA NEW;MENU' BABY 👶🏻;0;1;pz
BABY_12;Ricetta;PASTA BABY BIANCA OLD;ZZZ ARCHIVIO FOOD;0;1;pz
BABY_16;Ricetta;PASTA BABY BIANCA NEW;MENU' BABY 👶🏻;0;1;pz
BABY_11 ;Ricetta;PASTA BABY;ZZZ ARCHIVIO FOOD;0;1;pz
BABY_11;Ricetta;PASTA BABY;ZZZ ARCHIVIO FOOD;0;1;pz
BURGER_63;Ricetta;PARMIGIANA BURGER;ZZZ ARCHIVIO FOOD;12,4;1;pz
PASTE_16;Ricetta;PARMIGIANA 11/24;ZZZ ARCHIVIO FOOD;0;1;pz
PASTE_5;Prodotto;PAPPARDELLE AL RAGU';ZZZ ARCHIVIO FOOD;13,8;1;pz
BIBITE_20;Ricetta;PANNA 0.75;BIBITE 🥤;2;1;pz
EVENTI_9;Ricetta;PANINO SALAME+PROVOLA;IMOLA GP FOOD;8;1;pz
EVENTI_8;Ricetta;PANINO SALAME;IMOLA GP FOOD;8;1;pz
EVENTI_7;Ricetta;PANINO MORTADELLA;IMOLA GP FOOD;8;1;pz
EVENTI_6;Ricetta;PANINO CRUDO;IMOLA GP FOOD;16;1;pz
PANETTONE_1;Ricetta;PANETTONE;PROMO;15;1;pz
CONTORNI_6;Ricetta;PANE SALA 1 PX;CONTORNI 🥗;0;1;pz
PIZZE_12 ;Ricetta;PANCETTA, FUNGHI E CREMA DI ZUCCA;ZZZ ARCHIVIO FOOD;11,8;1;pz
PIZZE_12;Ricetta;PANCETTA, FUNGHI E CREMA DI ZUCCA;ZZZ ARCHIVIO FOOD;11,8;1;pz
BURGER_7;Ricetta;PANCETTA E PROVOLONE;ZZZ ARCHIVIO FOOD;11,2;1;pz
BURGER_26;Ricetta;PANCETTA E PECORINO;ZZZ ARCHIVIO FOOD;12,4;1;pz
BURGER-26;Ricetta;PANCETTA E PECORINO;ZZZ ARCHIVIO FOOD;0;1;pz
BURGER_11;Ricetta;PANCETTA E FONTAL;ZZZ ARCHIVIO FOOD;12,4;1;pz
PIZZE_8;Ricetta;PANCETTA E FIORDILATTE;ZZZ ARCHIVIO FOOD;11,8;1;pz
AMARI_30;Ricetta;PAMPERO ANNIVERSARIO;AMARI;5;1;pz
COCKTAILS_68;Ricetta;PALOMA;COCKTAILS 🍸;90;1;pz
PREMI_LOYALTY_5;Ricetta;PALLONE DA CALCIO EYE SPORT;MERCHANDISING;0;1;pz
EVENTI_13;Ricetta;PAIN AU CHICOLAT;CAFFETTERIA;4,4;1;pz
PACK_STADIO_1;Ricetta;PACKET UNO;PACKET SAN SIRO;2.890,00;1;pz
PACK_STADIO_3;Prodotto;PACKET TRE;MENU;4.981,00;1;pz
PACK_STADIO_4;Ricetta;PACKET QUATTRO;PACKET SAN SIRO;3.655,00;1;pz
PACK_STADIO_2;Ricetta;PACKET DUE;PACKET SAN SIRO;340;1;pz
PACK_STADIO_5;Ricetta;PACKET CINQUE;PACKET SAN SIRO;2.584,00;1;pz
PASTE_11;Ricetta;PACCHERI ZUCCA E PANCETTA;ZZZ ARCHIVIO FOOD;9,8;1;pz
PASTE_9 ;Ricetta;PACCHERI POMODORO E OLIVE;ZZZ ARCHIVIO FOOD;9,2;1;pz
PASTE_9;Ricetta;PACCHERI POMODORO E OLIVE;ZZZ ARCHIVIO FOOD;9,2;1;pz
PASTE_17;Ricetta;PACCHERI POLPO;ZZZ ARCHIVIO FOOD;13,8;1;pz
CAFFE_20;Ricetta;ORZO VETRO;CAFFE' ☕;0;1;pz
INSALATE_16;Ricetta;ORZO E LEGGEREZZA;ZZZ ARCHIVIO FOOD;10,8;1;pz
INSALATE_11;Ricetta;ORTOLANA;ZZZ ARCHIVIO FOOD;9,8;1;pz
CONTORNI_10;Ricetta;ORTO FRESCO new;ZZZ ARCHIVIO FOOD;4,2;1;pz
INSALATE_20;Ricetta;ORTO FRESCO INSALATA;INSALATE 🥬;6,4;1;pz
CONTORNI_13;Ricetta;ORTO FRESCO BABY;CONTORNI 🥗;4,4;1;pz
CONTORNI_3;Ricetta;ORTO FRESCO;ZZZ ARCHIVIO FOOD;4;1;pz
PRANZO_14;Ricetta;ORECCHIETTE 2 POMODORI PRANZO;ZZZ ARCHIVIO FOOD;7,2;1;pz
INSALATE_5;Prodotto;OLD VERDURE E BURRATA;ZZZ ARCHIVIO FOOD;8,8;1;pz
PRANZO_5;Prodotto;OLD DOPPIO MEDAGLIONE PRANZO;ZZZ ARCHIVIO FOOD;0;1;pz
BRACE_13;Prodotto;OLD BOMBETTE PUGLIESI;ZZZ ARCHIVIO FOOD;19,6;1;pz
VARIANTI CONTORNI_13 ;Ricetta;OLD ADD DADOLATA;ZZZ ARCHIVIO FOOD;0;1;pz
PROMO_OKTOBERFEST;Prodotto;OKTOBERFEST;PROMO;0;1;pz
AMARI_11;Ricetta;OBAN;AMARI;7;1;pz
BOTTIGLIE_8;Prodotto;O SOLE MIO BOTTIGLIA;ZZZ ARCHIVIO BEVERAGE;0;1;pz
GELATI_13;Ricetta;NUI CARAMELLO SALATO;GELATI;12;1;pz
COPERTI_14;Prodotto;NOLEGGIO SALA;COPERTI;120;1;pz
VARIANTI_FOOD_-_75;Ricetta;NO ZUCCHINE GRILL;VARIANTI FOOD -;0;1;pz
VARIANTI_FOOD_-_77;Ricetta;NO ZUCCHINE CHIPS;VARIANTI FOOD -;0;1;pz
VARIANTI_ FOOD_-_36;Ricetta;NO ZUCCHINE;VARIANTI FOOD -;0;1;pz
VARIANTI_FOOD_-_51;Ricetta;NO ZUCCA;ZZZ ARCHIVIO FOOD;0;1;pz
VARIANTI CONTORNI_3;Prodotto;NO VERDURE GRIGLIATE;ZZZ ARCHIVIO FOOD;0;1;pz
VARIANTI_FOOD_-_84;Ricetta;NO UOVO;VARIANTI FOOD -;0;1;pz
VARIANTI_PASTA_1;Ricetta;NO TAGLIATELLE;VARIANTI FOOD -;0;1;pz
VARIANTI_FOOD_+_78;Ricetta;NO TAGLIATELLA ADD MACCHERONI;ZZZ ARCHIVIO FOOD;0;1;pz
VARIANTI_ SALSE_-_20;Ricetta;NO STRACCIATELLA AL TARTUFO;ZZZ ARCHIVIO FOOD;0;1;pz
VARIANTI_ FOOD_-_45;Ricetta;NO STRACCIATELLA;VARIANTI FOOD -;0;1;pz
VARIANTI CONTORNI_2;Ricetta;NO SPICCHIO;VARIANTI FOOD -;0;1;pz
VARIANTI_ SALSE_-_28;Ricetta;NO SEXY SAUCE;VARIANTI FOOD -;0;1;pz
VARIANTI_FOOD_-_69;Ricetta;NO SCAGLIETTE CIOCK;VARIANTI FOOD -;0;1;pz
VARIANTI_ SALSE_-_14;Prodotto;NO SALSA TARTARA;ZZZ ARCHIVIO FOOD;0;1;pz
VARIANTI_ SALSE_-_16 ;Prodotto;NO SALSA GRAVY;ZZZ ARCHIVIO FOOD;0;1;pz
VARIANTI_FOOD_-_55;Ricetta;NO SALSA GRANA TARTUFO;ZZZ ARCHIVIO FOOD;0;1;pz
VARIANTI_ SALSE_-_11;Ricetta;NO SALSA FUOCO ROSSO;ZZZ ARCHIVIO FOOD;0;1;pz
VARIANTI_ FOOD_-_17;Ricetta;NO SALSA DI POMODORO;VARIANTI FOOD -;0;1;pz
VARIANTI_SALSE_-_29;Ricetta;NO SALSA CHEDDAR;VARIANTI SALSE -;0;1;pz
VARIANTI_ SALSE_-_18;Ricetta;NO SALSA CARBONARA;VARIANTI SALSE -;0;1;pz
VARIANTI_ SALSE_-_26;Ricetta;NO SALSA BBQ BIANCA;VARIANTI SALSE -;0;1;pz
VARIANTI_ SALSE_-_24;Ricetta;NO SALSA ALLE ERBE;VARIANTI FOOD -;0;1;pz
VARIANTI_ SALSE_-_23;Ricetta;NO SALSA ALLA BIRRA;VARIANTI SALSE -;0;1;pz
VARIANTI_ SALSE_-_25;Ricetta;NO SALSA AL PEPERONCINO;VARIANTI SALSE -;0;1;pz
VARIANTI_ SALSE_-_10;Ricetta;NO SALSA AGRODOLCE;ZZZ ARCHIVIO FOOD;0;1;pz
VARIANTI_ FOOD_-_54;Ricetta;NO SALMONE;ZZZ ARCHIVIO FOOD;0;1;pz
VARIANTI_ FOOD_-_19;Ricetta;NO RUCOLA;VARIANTI FOOD -;0;1;pz
VARIANTI_ FOOD_-_24;Ricetta;NO RICOTTA SALATA;ZZZ ARCHIVIO FOOD;0;1;pz
VARIANTI_ FOOD_-_7;Ricetta;NO RASPADURA;VARIANTI FOOD -;0;1;pz
VARIANTI_FOOD_-_65;Ricetta;NO PROVOLA DOLCE;VARIANTI FOOD -;0;1;pz
VARIANTI_ FOOD_-_9;Ricetta;NO PROVOLA;VARIANTI FOOD -;0;1;pz
VARIANTI_FOOD_-_40;Ricetta;NO PROV. DOLCE;VARIANTI FOOD -;0;1;pz
VARIANTI_ FOOD_-_37;Ricetta;NO PORCHETTA;ZZZ ARCHIVIO FOOD;0;1;pz
VARIANTI_FOOD_-_74;Ricetta;NO POMODORO GRILL;VARIANTI FOOD -;0;1;pz
VARIANTI CONTORNI_8;Prodotto;NO POMO/CETRIOLI;ZZZ ARCHIVIO FOOD;0;1;pz
VARIANTI_ FOOD_-_23;Ricetta;NO POMO VESUVIANO;ZZZ ARCHIVIO FOOD;0;1;pz
VARIANTI_ FOOD_-_49;Ricetta;NO POMO RAMATO;VARIANTI FOOD -;0;1;pz
VARIANTI_ FOOD_-_21;Ricetta;NO POMO PICCADILLY;VARIANTI FOOD -;0;1;pz
VARIANTI_FOOD_-_57;Ricetta;NO POMO GIALLO;VARIANTI FOOD -;0;1;pz
VARIANTI_ FOOD_-_22;Ricetta;NO POMO GIALLI;ZZZ ARCHIVIO FOOD;0;1;pz
VARIANTI_ FOOD_-_34;Prodotto;NO PEPERONI;ZZZ ARCHIVIO FOOD;0;1;pz
VARIANTI_ FOOD_-_14;Ricetta;NO PEPE;VARIANTI FOOD -;0;1;pz
VARIANTI_ FOOD_-_8;Ricetta;NO PECORINO;VARIANTI FOOD -;0;1;pz
VARIANTI_FOOD_-_52;Ricetta;NO PATTY TARTARE;VARIANTI FOOD -;0;1;pz
VARIANTI_ FOOD_-_1;Ricetta;NO PATTY MANZO;VARIANTI FOOD -;0;1;pz
VARIANTI_FOOD_-_66;Ricetta;NO PANNA SPRAY;VARIANTI FOOD -;0;1;pz
VARIANTI_ SALSE_-_15 ;Prodotto;NO PANNA ACIDA;ZZZ ARCHIVIO FOOD;0;1;pz
VARIANTI CONTORNI_11;Ricetta;NO PANE;VARIANTI FOOD -;0;1;pz
VARIANTI_ FOOD_-_4;Ricetta;NO PANCETTA;VARIANTI FOOD -;0;1;pz
VARIANTI_FOOD_-_79;Ricetta;NO ORZO;ZZZ ARCHIVIO FOOD;0;1;pz
VARIANTI_ FOOD_-_58;Ricetta;NO ORTO FRESCO;ZZZ ARCHIVIO FOOD;0;1;pz
VARIANTI_ FOOD_-_15;Ricetta;NO OLIVE;VARIANTI FOOD -;0;1;pz
VARIANTI_ FOOD_-_57;Ricetta;NO NUTELLA;VARIANTI FOOD -;0;1;pz
VARIANTI_ FOOD_-_29;Ricetta;NO 'NDUJA;VARIANTI FOOD -;0;1;pz
VARIANTI_FOOD_-_85;Ricetta;NO MOZZARELLA FILONE (100 GR);VARIANTI FOOD -;0;1;pz
VARIANTI_ FOOD_-_5;Ricetta;NO MOZZARELLA;VARIANTI FOOD -;0;1;pz
VARIANTI_SALSE_-_31;Ricetta;NO MOUSSE BELLA LODI;VARIANTI SALSE -;0;1;pz
VARIANTI_FOOD_-_76;Ricetta;NO MORTADELLA;VARIANTI FOOD -;0;1;pz
VARIANTI_ FOOD_-_39;Prodotto;NO MIELE;ZZZ ARCHIVIO FOOD;0;1;pz
VARIANTI_PASTA_2;Ricetta;NO MEZZELUNE;VARIANTI FOOD -;0;1;pz
VARIANTI_FOOD_-_70;Ricetta;NO MELANZANE GRILL;VARIANTI FOOD -;0;1;pz
VARIANTI_ FOOD_-_35;Ricetta;NO MELANZANE;VARIANTI FOOD -;0;1;pz
VARIANTI_ SALSE_-_4;Ricetta;NO MAYO POMODORI;VARIANTI SALSE -;0;1;pz
VARIANTI_ SALSE_-_1;Ricetta;NO MAYO BIRRA;VARIANTI SALSE -;0;1;pz
VARIANTI_ SALSE_-_2;Ricetta;NO MAYO;VARIANTI SALSE -;0;1;pz
VARIANTI_ SALSE_-_27;Ricetta;NO MARMELLATA BACON E CIPOLLA;VARIANTI FOOD -;0;1;pz
VARIANTI_FOOD_+_79;Ricetta;NO MACCHERONI ADD TAGLIATELLA;ZZZ ARCHIVIO FOOD;0;1;pz
VARIANTI_ FOOD_-_55;Ricetta;NO LIMONE ARROSTO;ZZZ ARCHIVIO FOOD;0;1;pz
VARIANTI_ FOOD_-_12;Ricetta;NO LARDO;ZZZ ARCHIVIO FOOD;0;1;pz
VARIANTI_ FOOD_-_32;Ricetta;NO INSALATA;VARIANTI FOOD -;0;1;pz
VARIANTI_ FOOD_-_51;Ricetta;NO INS. GENTILE;VARIANTI FOOD -;0;1;pz
VARIANTI_FOOD_-_67;Ricetta;NO GUTTIAU;VARIANTI FOOD -;0;1;pz
VARIANTI_ FOOD_-_10;Ricetta;NO GRATTUGIATO;VARIANTI FOOD -;0;1;pz
VARIANTI_FOOD_-_56;Ricetta;NO GRANA CROCCANTE;VARIANTI FOOD -;0;1;pz
VARIANTI_PASTA_8;Ricetta;NO GNOCCHI;VARIANTI FOOD -;0;1;pz
VARIANTI_ SALSE_-_12;Ricetta;NO GLASSA BALSAMICA;ZZZ ARCHIVIO FOOD;0;1;pz
VARIANTI_ SALSE_-_13 ;Ricetta;NO GLASSA ALETTE;ZZZ ARCHIVIO FOOD;0;1;pz
VARIANTI BEVERAGE_2;Prodotto;NO GHIACCIO;COCKTAILS 🍸;0;1;pz
VARIANTI_PASTA_3;Ricetta;NO FUSILLI;VARIANTI FOOD -;0;1;pz
VARIANTI_FOOD_-_62;Ricetta;NO FUNGO (60 GR);VARIANTI FOOD -;0;1;pz
VARIANTI_FOOD_-_50;Ricetta;NO FUNGHI MISTI;VARIANTI FOOD -;0;1;pz
VARIANTI_ FOOD_-_62;Ricetta;NO FUNGHI;VARIANTI FOOD -;0;1;pz
VARIANTI_FOOD_-_80;Ricetta;NO FRUTTI DI BOSCO;VARIANTI FOOD -;0;1;pz
VARIANTI CONTORNI_1;Ricetta;NO FRITTE;VARIANTI CONTORNI;0;1;pz
VARIANTI_ FOOD_-_43;Ricetta;NO FONTAL;ZZZ ARCHIVIO FOOD;0;1;pz
VARIANTI_FOOD_-_82;Ricetta;NO FINOCCHI JULIENNE;VARIANTI FOOD -;0;1;pz
VARIANTI_FOOD_-_72;Ricetta;NO FINOCCHI GRILL;VARIANTI FOOD -;0;1;pz
VARIANTI_ FOOD_-_50;Ricetta;NO FINOCCHI;VARIANTI FOOD -;0;1;pz
VARIANTI_FOOD_-_81;Ricetta;NO FAGIOLINI;VARIANTI FOOD -;0;1;pz
VARIANTI_ SALSE_-_7;Ricetta;NO EMULSIONE BASILICO;VARIANTI SALSE -;0;1;pz
VARIANTI_ SALSE_-_19;Ricetta;NO EMULSIONE AL PESTO;VARIANTI SALSE -;0;1;pz
VARIANTI_ SALSE_-_21;Ricetta;NO EMULSIONE AL FINOCCHIETTO;ZZZ ARCHIVIO FOOD;0;1;pz
VARIANTI CONTORNI_12;Prodotto;NO DADOLATA;ZZZ ARCHIVIO FOOD;0;1;pz
VARIANTI_FOOD_-_63;Ricetta;NO DADOLATA;VARIANTI FOOD -;0;1;pz
VARIANTI_FOOD_-_68;Ricetta;NO CRUMBLE SBRISOLONA;VARIANTI FOOD -;0;1;pz
VARIANTI_ FOOD_-_11;Ricetta;NO CRUDO;VARIANTI FOOD -;0;1;pz
VARIANTI_ FOOD_-_30;Ricetta;NO CROSTINI;VARIANTI FOOD -;0;1;pz
VARIANTI_ SALSE_-_17;Ricetta;NO CREMA TARTUFO;ZZZ ARCHIVIO FOOD;0;1;pz
VARIANTI_FOOD_-_53;Ricetta;NO CREMA PISTACCHIO;VARIANTI FOOD -;0;1;pz
VARIANTI_SALSE_-_30;Ricetta;NO CREMA PECORINO;VARIANTI SALSE -;0;1;pz
VARIANTI_FOOD_-_64;Ricetta;NO CREMA DI ZUCCHINE;ZZZ ARCHIVIO FOOD;0;1;pz
VARIANTI_ FOOD_-_60;Ricetta;NO CREMA DI ZUCCA;ZZZ ARCHIVIO FOOD;0;1;pz
VARIANTI_ SALSE_-_6;Prodotto;NO CREMA DI GRANA E BASILICO;ZZZ ARCHIVIO FOOD;0;1;pz
VARIANTI_ SALSE_-_5;Ricetta;NO CREMA DI GRANA;VARIANTI SALSE -;0;1;pz
VARIANTI_ FOOD_-_2;Ricetta;NO COTOLETTA;VARIANTI FOOD -;0;1;pz
VARIANTI_ FOOD_-_47;Ricetta;NO COSTINE 350 GR;VARIANTI FOOD -;0;1;pz
VARIANTI_ FOOD_-_48;Ricetta;NO CONTROFILETTO 100 GR;VARIANTI FOOD -;0;1;pz
VARIANTI_ SALSE_-_9;Prodotto;NO CITRONETTE PEPE;ZZZ ARCHIVIO FOOD;0;1;pz
VARIANTI_ SALSE_-_8;Ricetta;NO CITRONETTE MENTA;ZZZ ARCHIVIO FOOD;0;1;pz
VARIANTI_FOOD_-_73;Ricetta;NO CIPOLLA GRILL;VARIANTI FOOD -;0;1;pz
VARIANTI_ FOOD_-_27;Ricetta;NO CIPOLLA FRESCA;VARIANTI FOOD -;0;1;pz
VARIANTI_ FOOD_-_59 ;Ricetta;NO CIPOLLA CARAMELLATA;ZZZ ARCHIVIO FOOD;0;1;pz
VARIANTI CONTORNI_14;Ricetta;NO CHIPS;VARIANTI CONTORNI;0;1;pz
VARIANTI_ FOOD_-_28;Ricetta;NO CETRIOLO;VARIANTI FOOD -;0;1;pz
VARIANTI_ FOOD_-_20;Ricetta;NO CAVOLO ROSSO;VARIANTI FOOD -;0;1;pz
VARIANTI_ FOOD_-_44;Prodotto;NO CAVOLO BIANCO;ZZZ ARCHIVIO FOOD;0;1;pz
VARIANTI_FOOD_-_54;Ricetta;NO CARPACCIO TARTUFO;ZZZ ARCHIVIO FOOD;0;1;pz
VARIANTI_FOOD_-_83;Ricetta;NO CAROTE JULIENNE;VARIANTI FOOD -;0;1;pz
VARIANTI_FOOD_-_71;Ricetta;NO CAROTE GRILL;VARIANTI FOOD -;0;1;pz
VARIANTI_ FOOD_-_52;Ricetta;NO CAROTE;VARIANTI FOOD -;0;1;pz
VARIANTI_ FOOD_-_6;Ricetta;NO BURRATA;VARIANTI FOOD -;0;1;pz
VARIANTI_ FOOD_-_56;Ricetta;NO BURGER NO MEAT;VARIANTI FOOD -;0;1;pz
VARIANTI_ SALSE_-_22;Ricetta;NO BBQ ALLA BIRRA;VARIANTI FOOD -;0;1;pz
VARIANTI_ FOOD_-_41;Prodotto;NO BATTUTO DI GIARDINIERA;ZZZ ARCHIVIO FOOD;0;1;pz
VARIANTI_ FOOD_-_38;Ricetta;NO BASILICO;VARIANTI FOOD -;0;1;pz
VARIANTI_FOO_-_109;Ricetta;NO BACON A FETTE;VARIANTI FOOD -;0;1;pz
VARIANTI_ FOOD_-_53;Ricetta;NO AMARENE;ZZZ ARCHIVIO FOOD;0;1;pz
BIBITE_10;Prodotto;NO ACQUA;VARIANTI BEVERAGE;0;1;pz
VARIANTI_FOOD_+_111;Ricetta;NO 125 GR SOVRACOSCIA ADD COSCE 1 PZ;BRACE 🔥 🥩;0;1;pz
COCKTAILS_4;Ricetta;NEGRONI SBAGLIATO;COCKTAILS 🍸;7;1;pz
COCKTAILS_3;Ricetta;NEGRONI;COCKTAILS 🍸;7;1;pz
BURGER_5;Ricetta;NDUJA E STRACCIATELLA;ZZZ ARCHIVIO FOOD;10,6;1;pz
BIBITE_31;Prodotto;NATURALE MICROFILTRATA;BIBITE 🥤;0;1;pz
STARTER_7;Ricetta;NACHOS ALL'ITALIANA;ZZZ ARCHIVIO FOOD;4,6;1;pz
STARTER_9;Ricetta;MOZZARELLE IN CARROZZA;ZZZ ARCHIVIO FOOD;6,2;1;pz
STARTER_46;Ricetta;MOZZARELLE IN CARROZZA;STARTER;0;1;pz
LEONARDO_1;Ricetta;MOZZARELLA E ZUCCHINE;MENU;0;1;pz
COCKTAILS_28;Ricetta;MOZZAFIATO;ZZZ ARCHIVIO BEVERAGE;7;1;pz
DESSERT_19;Ricetta;MOUSSE CIOCK E CAFFE';ZZZ ARCHIVIO FOOD;5,4;1;pz
BABY_9;Ricetta;MOUSSE CIOCK BABY;ZZZ ARCHIVIO FOOD;0;1;pz
COCKTAILS_11;Ricetta;MOSCOW MULE;COCKTAILS 🍸;7;1;pz
BURGER_51;Ricetta;MORTADELLA E STRACCIATELLA;ZZZ ARCHIVIO FOOD;12,8;1;pz
PIZZE_20;Ricetta;MORTADELLA E BELLA LODI;PIZZE;0;1;pz
AMARI_4;Ricetta;MONTENEGRO;AMARI;4;1;pz
COCKTAILS_55;Ricetta;MONKEY'S TONIC;ZZZ ARCHIVIO BEVERAGE;14;1;pz
COCKTAILS_15;Ricetta;MOJITO;COCKTAILS 🍸;7;1;pz
AMARI_27;Ricetta;MIRTO;AMARI;4;1;pz
BRACE_37;Ricetta;MINI TAGLIATA SPECIALE 🐮;MINI BRACE;12,6;1;pz
BRACE_40;Ricetta;MINI TAGLIATA DI POLLO 🐔;MINI BRACE;8,6;1;pz
BRACE_44;Ricetta;MINI TAGLIATA DI POLLO BBQ;MINI BRACE;8,8;1;pz
BURGER_45;Ricetta;MINI SUPER CLASSICO 🐮;MINI BURGER;7,2;1;pz
DESSERT_6;Ricetta;MINI STECCO PANNA;ZZZ ARCHIVIO FOOD;3;1;pz
BURGER_49;Ricetta;MINI SALMONE E POMODORI 🐟;ZZZ ARCHIVIO FOOD;9,2;1;pz
BURGER_48;Ricetta;MINI PULLED PORK 🐷;MINI BURGER;8,4;1;pz
BURGER_46;Ricetta;MINI PANCETTA E PROVOLA 🐮;MINI BURGER;8,8;1;pz
BURGER_50;Ricetta;MINI 'NDUJA E BELLA LODI;MINI BURGER;8,4;1;pz
BURGER_52;Ricetta;MINI MORTADELLA E STRACCIATELLA;ZZZ ARCHIVIO FOOD;8,4;1;pz
STARTER_57;Ricetta;MINI MELANZANE E ZUCCHINE BURGER;ZZZ ARCHIVIO FOOD;7,2;1;pz
STARTER_51;Ricetta;MINI MELANZANA ALLA BRACE;MINI BRACE;6,8;1;pz
BURGER_61;Ricetta;MINI IL TROPPO BUONO;MINI BURGER;8,8;1;pz
BRACE_31;Ricetta;MINI HAMBURGER AL PIATTO;MINI BRACE;13,8;1;pz
BRACE_36;Ricetta;MINI GRAN TAGLIATA 🐮;MINI BRACE;19,2;1;pz
BRACE_39;Ricetta;MINI GALLETTO PICCANTE 🐔 🌶;ZZZ ARCHIVIO FOOD;12,6;1;pz
BRACE_38;Ricetta;MINI GALLETTO MEDITERRANEO 🐔;MINI BRACE;23,2;1;pz
BURGER_47;Ricetta;MINI CRUDO E STRACCIATELLA 🐮;ZZZ ARCHIVIO FOOD;7,36;1;pz
MINI_DESSERT_4;Ricetta;MINI COPPA GELATO NUTELLA;DESSERT 🍰;2,4;1;pz
MINI_DESSERT_5;Ricetta;MINI COPPA GELATO FRUTTI DI BOSCO;DESSERT 🍰;3;1;pz
MINI_DESSERT_2;Ricetta;MINI CHEESECAKE NUTELLA;DESSERT 🍰;3;1;pz
MINI_DESSERT_1;Ricetta;MINI CHEESECAKE;DESSERT 🍰;0;1;pz
BURGER_73;Ricetta;MINI CARBONARA OLE;MINI BURGER;8,8;1;pz
MINI_DESSERT_3;Ricetta;MINI CANNOLO SCOMPOSTO;DESSERT 🍰;2,4;1;pz
DESSERT_9;Ricetta;MINI CANNOLI;DESSERT 🍰;9;1;pz
MINI_DESSERT;Ricetta;MINI BIRRAMISU;DESSERT 🍰;0;1;pz
STARTER_49;Ricetta;MILLEFOGLIE ZUCCA E FUNGHI;ZZZ ARCHIVIO FOOD;5,8;1;pz
STARTER_35;Ricetta;MILLEFOGLIE VERDURE E CREMA DI ZUCCA;ZZZ ARCHIVIO FOOD;5,8;1;pz
STARTER_26;Ricetta;MILLEFOGLIE STRACCIATELLA E GRANA;ZZZ ARCHIVIO FOOD;5,8;1;pz
DESSERT_34;Ricetta;MILLEFOGLIE PISTAC E CIOC 11/24;ZZZ ARCHIVIO FOOD;0;1;pz
STARTER_35 ;Ricetta;MILLEFOGLIE CREMA DI ZUCCA E VERDURE;ZZZ ARCHIVIO FOOD;5,8;1;pz
STARTER_39;Ricetta;MILLEFOGLIE CON VERDURE;ZZZ ARCHIVIO FOOD;5,8;1;pz
DESSERT_27 ;Ricetta;MILLEFOGLIE CIOCK E ZABAIONE;ZZZ ARCHIVIO FOOD;4,8;1;pz
DESSERT_27;Ricetta;MILLEFOGLIE CIOCK E ZABAIONE;ZZZ ARCHIVIO FOOD;4,8;1;pz
BIRRE_STADIO_PLASTICA_6;Ricetta;MIDWAY GOOSE ISLAND PLASTICA;BIRRE PLASTICA;9;1;pz
BIRRE_STADIO_6;Ricetta;MIDWAY GOOSE ISLAND;BIRRE 0.4 🍺;297;1;pz
PASTE_18;Ricetta;MEZZELUNE STRACCIATELLA E POMODORO;ZZZ ARCHIVIO FOOD;10,62;1;pz
PASTE_15;Ricetta;MEZZELUNE PORCINI E TARTUFO;ZZZ ARCHIVIO FOOD;12,8;1;pz
PASTE_22;Ricetta;MEZZELUNE FUNGHI E GRANA;ZZZ ARCHIVIO FOOD;11,8;1;pz
PRANZO_55;Ricetta;MEZZELUNE BELLA LODI E PEPE;ZZZ ARCHIVIO FOOD;9;1;pz
PRANZO_49;Ricetta;MEZZELUNE AL POMODORO;ZZZ ARCHIVIO FOOD;9;1;pz
COCKTAILS_29;Ricetta;MEZZANOTTE GIN;ZZZ ARCHIVIO BEVERAGE;7;1;pz
MEZZOTRANCIO_3;Ricetta;MEZZA SLICE MORTADELLA E BELLA LODI;ZZZ ARCHIVIO FOOD;6,4;1;pz
MEZZOTRANCIO_1;Ricetta;MEZZA SLICE MARGHERTA;ZZZ ARCHIVIO FOOD;3,92;1;pz
MEZZOTRANCIO_4;Ricetta;MEZZA SLICE FUNGHI E FIOR DI LATTE;ZZZ ARCHIVIO FOOD;5,12;1;pz
MEZZOTRANCIO_2;Ricetta;MEZZA SLICE CRUDO E PICCADILLY;ZZZ ARCHIVIO FOOD;5,92;1;pz
SECONDI_CREMONINI_7;Ricetta;MERLUZZO PANATO;STARTER;0;1;pz
MENU_VEGETARIANO;Prodotto;MENU' VEGETARIANO;MENU';0;1;pz
MENU_UNDER18;Prodotto;MENU UNDER18;MENU;0;1;pz
MENU'_UEFA;Prodotto;MENU' UEFA;MENU';684;1;pz
MENU_TAKE._AWAY_1;Prodotto;MENU TAKE AWAY;PIZZE;9;1;pz
MENU_SERA_CAGLIARI;Prodotto;MENU' SERA CAGLIARI;PROMO;0;1;pz
COPERTI_26;Prodotto;MENU' PREZZO FISSO;MENU';15;1;pz
MENU_PRANZO_TUTTO_COMPRESO;Prodotto;MENU PRANZO TUTTO COMPRESO;MENU';0;1;pz
MENU_PRANZO_SALERNO;Prodotto;MENU' PRANZO SALERNO;MENU';0;1;pz
MENU_PRANZO_COMPANY;Prodotto;MENU PRANZO COMPANY;MENU';0;1;pz
MENU_PRANZO_COMO;Prodotto;MENU' PRANZO COMO;MENU';0;1;pz
MENU_PRANZO_CAMPIGLIO;Prodotto;MENU' PRANZO CAMPIGLIO;MENU';0;1;pz
MENU_PRANZO_CAGLIARI;Prodotto;MENU' PRANZO CAGLIARI;MENU';0;1;pz
MENU_PRANZO_11_2025;Prodotto;MENU PRANZO 11/2025;MENU';0;1;pz
MENU_ STADIO_1;Prodotto;MENU MAGAZZINIERI STADIO;MENU;0;1;pz
MENU_LEONARDO_GENOVA;Prodotto;MENU LEONARDO GENOVA;MENU';47,5;1;pz
MENU_GRUPPI_VERONA;Prodotto;MENU' GRUPPI VERONA;MENU';0;1;pz
MENU_GRUPPI_ERBA;Prodotto;MENU GRUPPI ERBA;MENU;0;1;pz
MENU_GRUPPI_BRACE;Prodotto;MENU GRUPPI BRACE;MENU DIPENDENTI FOOD;0;1;pz
MENU_GRUPPI_PIZZA;Prodotto;MENU GRUPPI - PIZZA;MENU DIPENDENTI FOOD;0;1;pz
MENU_GRUPPI_ADD_ON_DESSERT;Prodotto;MENU GRUPPI - ADD ON DESSERT;MENU DIPENDENTI FOOD;0;1;pz
MENU_GRUPPI;Prodotto;MENU GRUPPI;MENU';0;1;pz
MENU_FESTE_SENZA_BEVANDE;Prodotto;MENU FESTE SENZA BEVANDE;MENU';0;1;pz
MENU_FESTE_CON_BEVANDE;Prodotto;MENU FESTE CON BEVANDE;MENU';0;1;pz
MENU_FESTE_ADD_ON_DESSERT;Prodotto;MENU' FESTE ADD ON DESSERT;MENU';0;1;pz
MENU_EVENTO_MADONNA;Prodotto;MENU' EVENTO MADONNA;MENU';0;1;pz
MENU_EVENTO_IMOLA;Prodotto;MENU EVENTO IMOLA;MENU';0;1;pz
MENU_DM_TRENTO;Prodotto;MENU' DM TRENTO;MENU';0;1;pz
MENU_DIPENDENTI_CATANIA;Prodotto;MENU DIPENDENTI CATANIA;MENU';39,6;1;pz
MENU_DIPENDENTI;Prodotto;MENU' DIPENDENTI;MENU DIPENDENTI FOOD;0;1;pz
MENU_DEGUSTAZIONE;Prodotto;MENU DEGUSTAZIONE;MENU';0;1;pz
MENU_COMEDY_PIZZA;Prodotto;MENU' COMEDY PIZZA;MENU';0;1;pz
MENU_COMEDY_DRINK;Prodotto;MENU' COMEDY DRINK;MENU';0;1;pz
MENU_COMEDY_BURGER;Prodotto;MENU' COMEDY BURGER;MENU';0;1;pz
MENU_CINEMA;Prodotto;MENU' CINEMA;MENU';0;1;pz
MENU_BAND;Prodotto;MENU' BAND;MENU';0;1;pz
MENU'_BABY_PARMA_CALCIO;Prodotto;MENU' BABY PARMA CALCIO;ZZZ ARCHIVIO FOOD;0;1;pz
MENU_BABY_FREE;Prodotto;MENU' BABY FREE;PROMO;0;1;pz
MENU_BABY_FESTE;Prodotto;MENU' BABY FESTE;MENU DIPENDENTI FOOD;0;1;pz
MENU_BABY;Menu;MENU' BABY;MENU' BABY 👶🏻;0;1;pz
MENU_ASD_ALGHERO;Prodotto;MENU' ASD BASKET DM ALGHERO;MENU';15;1;pz
MENU_AEROITALIA_20;Prodotto;MENU' AEROITALIA 20€;PROMO;0;1;pz
MENU_10_E_LODE;Prodotto;MENU' ;MENU';0;1;pz
PRANZO_57;Ricetta;MELANZANE E ZUCCHINE PRANZO;ZZZ ARCHIVIO FOOD;9;1;pz
BURGER_38;Ricetta;MELANZANE E POMODORI;ZZZ ARCHIVIO FOOD;10,8;1;pz
FRUTTA_STADIO_1;Ricetta;MELA;DESSERT 🍰;0;1;pz
SECONDI_CREMONINI_6;Ricetta;MEDAGLIONE NO MEAT;MINI BRACE;0;1;pz
SALSE_8;Ricetta;MAYO BIRRA CIOTOLINA;SALSE;0;1;pz
GELATI_11;Ricetta;MAXIBON POPS;GELATI;3;1;pz
GELATI_12;Ricetta;MAXIBON CLASSICO;GELATI;8;1;pz
BURGER_59;Ricetta;MAXI TARTARE E STRACCIATELLA BURGER;ZZZ ARCHIVIO FOOD;16,2;1;pz
BURGER_79;Ricetta;MAXI TARTARE E BELLA LODI BURGER;MAXI BURGER;35,6;1;pz
BURGER_80;Ricetta;MAXI SUPER BBQ;MAXI BURGER;16,02;1;pz
BURGER_65;Ricetta;MAXI PULLED PORK ALL'ITALIANA;MAXI BURGER;16,4;1;pz
BURGER_55;Ricetta;MAXI POLLO FRITTO BURGER;MAXI BURGER;16,9;1;pz
BURGER_64;Ricetta;MAXI PARMIGIANA BURGER;MAXI BURGER;16,2;1;pz
BURGER_34;Ricetta;MAXI NDUJA E STRACCIATELLA;MAXI BURGER;0;1;pz
BURGER_53;Ricetta;MAXI MORTADELLA E STRACCIATELLA;ZZZ ARCHIVIO FOOD;49,8;1;pz
BURGER_57;Ricetta;MAXI MERLUZZO ALLEGRO BURGER;MAXI BURGER;14,6;1;pz
BURGER_62;Ricetta;MAXI IL TROPPO BUONO;MAXI BURGER;18;1;pz
BURGER_75;Ricetta;MAXI BURGER TARTARE E FUNGHI;MAXI BURGER;12,4;1;pz
BURGER_74;Ricetta;MAXI BURGER CARBONARA OLE;MAXI BURGER;41,4;1;pz
MERCHANDISING_27;Ricetta;MATITA PULLY;MERCHANDISING;2,2;1;pz
PRANZO_8;Ricetta;MARGHERITA E' MIA PRANZO;MENU PRANZO;6,8;1;pz
BABY_7;Ricetta;MARGHERITA BABY;MENU' BABY 👶🏻;0;1;pz
PIZZE_10;Ricetta;MARGHERITA;PIZZE;8,8;1;pz
PIZZE_1;Ricetta;MARGH. BELLA LODI;PIZZE;8,8;1;pz
COCKTAILS_51;Ricetta;MARE TONIC;ZZZ ARCHIVIO BEVERAGE;10;1;pz
BURGER_69;Ricetta;MARE MARE;ZZZ ARCHIVIO FOOD;6,5;1;pz
COCKTAILS_50;Ricetta;MARE LEMON;ZZZ ARCHIVIO BEVERAGE;10;1;pz
LEONARDO_2;Ricetta;MANZO E VERDURE ALLA BRACE;MENU;0;1;pz
LEONARDO_3;Ricetta;MANZO E PATATE SPICCHIO;MENU;0;1;pz
INSALATE_7;Ricetta;MANZO E BURRATA;INSALATE 🥬;12,8;1;pz
DESSERT_8;Prodotto;MANDARINO SORBETTO;ZZZ ARCHIVIO FOOD;4,2;1;pz
DESSERT_8;Ricetta;MANDARINO SORBETTO;ZZZ ARCHIVIO FOOD;4,2;1;pz
DESSERT_24;Ricetta;MANDARINO DI CIACULLI;ZZZ ARCHIVIO FOOD;4,8;1;pz
COCKTAILS_41;Ricetta;MALFY ROSA TONIC;ZZZ ARCHIVIO BEVERAGE;10;1;pz
COCKTAILS_40;Ricetta;MALFY ROSA LEMON;ZZZ ARCHIVIO BEVERAGE;0;1;pz
COCKTAILS_45;Ricetta;MALFY ORIGINALE TONIC;ZZZ ARCHIVIO BEVERAGE;10;1;pz
COCKTAILS_44;Ricetta;MALFY ORIGINALE LEMON;ZZZ ARCHIVIO BEVERAGE;10;1;pz
COCKTAILS_39;Ricetta;MALFY LIMONE TONIC;ZZZ ARCHIVIO BEVERAGE;10;1;pz
COCKTAILS_43 ;Ricetta;MALFY ARANCIA TONIC;ZZZ ARCHIVIO BEVERAGE;10;1;pz
BURGER_15;Ricetta;MAIS E VERDURE;ZZZ ARCHIVIO FOOD;9,8;1;pz
SALSE_1;Ricetta;MAIONESE IN BARATTOLO;ZZZ ARCHIVIO FOOD;1;1;pz
SALSE_4;Ricetta;MAIONESE CIOTOLINA;SALSE;0;1;pz
BOTTIGLIE_14;Ricetta;MAGNUS MAGNUM 1,5;BOTTIGLIE 🍾;25;1;pz
BOTTIGLIE_11;Ricetta;MAGNUS BOTTIGLIA 0.75;BOTTIGLIE 🍾;14;1;pz
MERCHANDISING_16;Ricetta;MAGLIETTA UOMO GIALLA;MERCHANDISING;0;1;pz
MERCHANDISING_18;Ricetta;MAGLIETTA UOMO BORDEAUX;MERCHANDISING;0;1;pz
MERCHANDISING_1;Prodotto;MAGLIETTA UOMO;ZZZ ARCHIVIO FOOD;10;1;pz
MERCHANDISING_15;Ricetta;MAGLIETTA DONNA GIALLA;MERCHANDISING;0;1;pz
MERCHANDISING_17;Ricetta;MAGLIETTA DONNA BORDEAUX;MERCHANDISING;0;1;pz
MERCHANDISING_2;Prodotto;MAGLIETTA DONNA;ZZZ ARCHIVIO FOOD;10;1;pz
MERCHANDISING_19;Ricetta;MAGLIETTA CORSA UNISEX;MERCHANDISING;0;1;pz
MERCHANDISING_3;Prodotto;MAGLIETTA BIMBO;ZZZ ARCHIVIO FOOD;0;1;pz
GELATI_7;Ricetta;MACEDONIA E GELATO;GELATI;5;1;pz
DESSERT_CREMONINI;Ricetta;MACEDONIA CREMONINI;DESSERT 🍰;0;1;pz
CAFFE_12;Ricetta;MACCHIATONE;CAFFE' ☕;0;1;pz
PRANZO_40;Ricetta;MACCH. ZUCCHINE E STRACCIATELLA PRANZO;ZZZ ARCHIVIO FOOD;9;1;pz
PASTE_12;Ricetta;MACCH. VERDURE IN SALSA;ZZZ ARCHIVIO FOOD;9,8;1;pz
PRANZO_42;Ricetta;MACCH. POMODORO E BASILICO;ZZZ ARCHIVIO FOOD;7,2;1;pz
PASTE_13;Ricetta;MACCH. CREMA DI ZUCCHINE E PANCETTA;ZZZ ARCHIVIO FOOD;9,8;1;pz
COCKTAILS_5;Ricetta;LUNGO ADDIO;ZZZ ARCHIVIO BEVERAGE;7;1;pz
VARIANTI CAFFE'_1;Ricetta;LUNGO;CAFFE' ☕;0;1;pz
GELATI_19;Ricetta;LONG JOHN COLA;GELATI;4,4;1;pz
GELATI_20;Ricetta;LONG JOHN ARANCIA-LIMONE;GELATI;2,2;1;pz
GELATI_15;Ricetta;LIQUI;GELATI;16;1;pz
GELATI_18;Ricetta;LIPPERLI';GELATI;2;1;pz
PASTE_32;Ricetta;LINGUINE VONGOLE E BOTTARGA;PASTE;79,2;1;pz
PASTE_33;Ricetta;LINGUINE AL POLPO;PASTE;90;1;pz
AMARI_24;Ricetta;LIMONCELLO;AMARI;4;1;pz
BIBITE_8;Ricetta;LIMONATA;BIBITE 🥤;4;1;pz
BIRRE_STADIO_PLASTICA_2;Ricetta;LEFFE ROUGE PLASTICA;BIRRE PLASTICA;16;1;pz
BIRRE_STADIO_2;Ricetta;LEFFE ROUGE;BIRRE 0.4 🍺;572,4;1;pz
BIRRE_STADIO_3;Ricetta;LEFFE RITUEL;BIRRE 0.4 🍺;291,6;1;pz
BIRRE_STADIO_PLASTICA_1;Ricetta;LEFFE BLONDE PLASTICA;BIRRE PLASTICA;8;1;pz
BIRRE_STADIO_1;Ricetta;LEFFE BLONDE;BIRRE 0.4 🍺;10,8;1;pz
CAFFETTERIA_DIP_STADIO_2;Ricetta;LATTE MACCHIATO DIP STADIO;CAFFE' ☕;2,8;1;pz
CAFFE_9;Ricetta;LATTE MACCHIATO;CAFFE' ☕;2;1;pz
FOOD_STADIO_1;Ricetta;LASAGNA TEGLIA;PASTE;700;1;pz
PASTE_20;Ricetta;LASAGNA PORZIONE;PASTE;18,8;1;pz
PASTE_27;Ricetta;LASAGNA FAGIOLINI E PESTO;PASTE;25,8;1;pz
PASTE_26;Ricetta;LASAGNA BOLOGNESE;PASTE;13,9;1;pz
VINI_17;Ricetta;LAMBRUSCO CALICE;VINI;5;1;pz
VINI_18;Ricetta;LAMBRUSCO BOTTIGLIA;VINI;26;1;pz
AMARI_29;Ricetta;L'AMARO DM BOTTIGLIA;BOTTIGLIE 🍾;16,2;1;pz
AMARI_10;Ricetta;LAGAVULIN;AMARI;7;1;pz
LABORATORIO_DM_SALERNO;Prodotto;LABORATORIO DM SALERNO;MENU;26;1;pz
PRANZO_23;Ricetta;LA TARTARE PRANZO;ZZZ ARCHIVIO FOOD;0;1;pz
BRACE_8;Ricetta;LA GIGANTE;BRACE 🔥 🥩;21,6;1;pz
AMARI_19;Ricetta;KRAKEN;AMARI;5;1;pz
FOOD_STADIO_3;Ricetta;KINDER DUPLO;DESSERT 🍰;0;1;pz
FOOD_STADIO_2;Ricetta;KINDER BUENO;DESSERT 🍰;0;1;pz
SALSE_2;Ricetta;KETCHUP IN BARATTOLO;ZZZ ARCHIVIO FOOD;1;1;pz
SALSE_5;Ricetta;KETCHUP CIOTOLINA;SALSE;0;1;pz
JE66;Prodotto;Just Eat Service;Delivery;0;1;pz
JE99;Prodotto;Just Eat Discount;Delivery;-5,52;1;pz
JE77;Prodotto;Just Eat Delivery Fee;Delivery;2,5;1;pz
AMARI_9;Ricetta;JOHNNIE WALKER RED;AMARI;5;1;pz
AMARI_5;Ricetta;JAGERMEISTER;AMARI;4;1;pz
COCKTAILS_64;Ricetta;JAGER E RED BULL;ZZZ ARCHIVIO BEVERAGE;5;1;pz
COCKTAILS_65;Ricetta;JAGER E COLA;ZZZ ARCHIVIO BEVERAGE;5;1;pz
VINI_15;Ricetta;IS VERMENTINO CALICE;VINI;6;1;pz
VINI_16;Ricetta;IS VERMENTINO BOTTIGLIA;VINI;26;1;pz
STRANE COPPIE_4;Ricetta;IRLANDESE;STRANE COPPIE;3,5;1;pz
GELATI_30;Prodotto;INTRIGO BIANCO;SOFT DRINK;6;1;pz
PROMO_BEACH_3;Prodotto;INTEGRAZIONE TERZO LETTINO;NOLEGGIO OMBRELLONI;10;1;pz
PRANZO_66;Ricetta;INSALTA BELLA LODI E BBQ BIANCA;MENU PRANZO;8;1;pz
PRANZO_59;Ricetta;INSALATA ZUCCHINE E BELLA LODI PRANZO;MENU PRANZO;8;1;pz
INSALATE_14;Ricetta;INSALATA TONNO;INSALATE;12;1;pz
INSALATE_15;Ricetta;INSALATA TAGLIATA DI POLLO E POMODORI;INSALATE 🥬;10,8;1;pz
INSALATE_6;Ricetta;INSALATA SALMONE;ZZZ ARCHIVIO FOOD;13,8;1;pz
INSALATE_3;Ricetta;INSALATA PETTO DI POLLO;ZZZ ARCHIVIO FOOD;9,8;1;pz
PRANZO_20;Ricetta;INSALATA DEL CONTADINO PRANZO;ZZZ ARCHIVIO FOOD;0;1;pz
PRANZO_45;Ricetta;INSALATA DEL CONTADINO PRANZO;ZZZ ARCHIVIO FOOD;0;1;pz
BRACE_41;Ricetta;INSALATA BURRATA E VERDURE ALLA BRACE;INSALATE 🥬;12,8;1;pz
PRANZO_44;Ricetta;INS. RASPADURA E POMODORI PRANZO;ZZZ ARCHIVIO FOOD;6,12;1;pz
INSALATE_10;Ricetta;INS. POLLO FRITTO E POMODORO;INSALATE 🥬;10,8;1;pz
PRANZO_25;Prodotto;INS. POLLO E PECORINO PRANZO;ZZZ ARCHIVIO FOOD;0;1;pz
BURGER_60;Ricetta;IL TROPPO BUONO;BURGER 🍔;0;1;pz
STARTER_34;Ricetta;IL TAGLIERE, MA DI PIU’;ZZZ ARCHIVIO FOOD;14,8;1;pz
BRACE_24 ;Ricetta;IL MANZO TRIPLO;ZZZ ARCHIVIO FOOD;13,8;1;pz
BRACE_24;Ricetta;IL MANZO TRIPLO;ZZZ ARCHIVIO FOOD;13,8;1;pz
PRANZO_71;Ricetta;IL CONTADINO;MENU PRANZO;10;1;pz
GELATI_8;Ricetta;ICE TOUR;GELATI;6;1;pz
BOTTIGLIE_10;Ricetta;HONEY IPA BOTTIGLIA;BOTTIGLIE 🍾;3;1;pz
BIRRE_STADIO_PLASTICA_5;Ricetta;HOEGAARDEN PLASTICA;BIRRE PLASTICA;8;1;pz
BIRRE_STADIO_5;Ricetta;HOEGAARDEN MEDIA;BIRRE 0.4 🍺;6,8;1;pz
AMARI_20;Prodotto;HIGHLAND PARK 12Y;ZZZ ARCHIVIO BEVERAGE;0;1;pz
COCKTAILS_49;Ricetta;HENDRICK'S TONIC;ZZZ ARCHIVIO BEVERAGE;9;1;pz
COCKTAILS_48;Ricetta;HENDRICK'S LEMON;ZZZ ARCHIVIO BEVERAGE;10;1;pz
CONCERTI_FOOD_1;Ricetta;HAMBURGER E PATATINE;BURGER 🍔;32;1;pz
GELATI_26;Ricetta;GRUVI PISTACCHIO SINCERO;GELATI;2,8;1;pz
GELATI_28;Prodotto;GRUVI NOCE PECAN AVVINCENTE;BAR;2,8;1;pz
GELATI_27;Ricetta;GRUVI MIRTILLO INASPETTATO;GELATI;2,8;1;pz
GELATI_25;Ricetta;GRUVI MANGO RAMINGO;GELATI;2,24;1;pz
AMARI_23;Ricetta;GRAPPA POLI MOSCATO;AMARI;4;1;pz
AMARI_15;Ricetta;GRAPPA POLI CLASSICA;AMARI;4;1;pz
AMARI_22;Ricetta;GRAPPA CHARDONNAY;AMARI;4;1;pz
AMARI_16;Ricetta;GRAPPA BARRIQUE;AMARI;4;1;pz
GELATI_23;Prodotto;GRANULATO;SOFT DRINK;1,6;1;pz
PRANZO_28;Ricetta;GRANA, CAROTE E FINOCCHI PRANZO;ZZZ ARCHIVIO FOOD;6,8;1;pz
BRACE_33;Ricetta;GRAN TAGLIATA SPECIALE NEW;BRACE 🔥 🥩;18,8;1;pz
BRACE_32;Ricetta;GRAN TAGLIATA NEW 11/24;BRACE 🔥 🥩;0;1;pz
BRACE_5;Ricetta;GRAN TAGLIATA;ZZZ ARCHIVIO FOOD;15,8;1;pz
DESSERT_44;Ricetta;GOURMAND - FRUTTI DI BOSCO;DESSERT 🍰;6,6;1;pz
COCKTAILS_67;Ricetta;GOLDEN SPRITZ;COCKTAILS 🍸;14;1;pz
DESSERT_42;Ricetta;GNOCCO FRITTO E NUTELLA;DESSERT 🍰;5,2;1;pz
STARTER_4;Ricetta;GNOCCO FRITTO;STARTER;7,6;1;pz
PASTE_29;Ricetta;GNOCCHI E GRATINATI BELLA LODI;PASTE;9,8;1;pz
PRANZO_67;Ricetta;GNOCCHI BELLA LODI E PEPE;MENU PRANZO;9;1;pz
PRIMI_CREMONINI_9;Ricetta;GNOCCHI AL RAGU;PASTE;0;1;pz
PRIMI_CREMONINI_8;Ricetta;GNOCCHI AL POMODORO;PASTE;0;1;pz
GL99;Prodotto;Glovo Discount Fee;Delivery;-2,76;1;pz
BEER_TOUR_15;Ricetta;GIRO DI MALTO;BEER TOUR 🍻;9;1;pz
BEER_TOUR_16;Ricetta;GIRO DI LUPPOLI;BEER TOUR 🍻;10;1;pz
BEER_TOUR_17;Ricetta;GIRO DI AROMI;BEER TOUR 🍻;10;1;pz
CAFFE_21;Ricetta;GINSENG VETRO;CAFFE' ☕;0;1;pz
STRANE COPPIE_6;Prodotto;GINGER NERO;ZZZ ARCHIVIO BEVERAGE;3,5;1;pz
COCKTAILS_8;Ricetta;GIN TONIC;COCKTAILS 🍸;7;1;pz
COCKTAILS_7;Ricetta;GIN LEMON;COCKTAILS 🍸;7;1;pz
COCKTAILS_6;Ricetta;GIN FIZZ;ZZZ ARCHIVIO BEVERAGE;7;1;pz
CONTORNI_4;Ricetta;GIARDINIERA;ZZZ ARCHIVIO FOOD;4;1;pz
GELATI_16;Ricetta;GHIACCIOLO (4 GUSTI);GELATI;0;1;pz
PROMO_BEACH_4;Prodotto;GETTONE DOCCIA;MERCHANDISING;2;1;pz
GELATI_29;Ricetta;GELATO MERENDA PLASMON;GELATI;2,4;1;pz
BIBITE_4;Ricetta;GASSOSA;BIBITE 🥤;4;1;pz
VINI_20;Ricetta;GALLUCCIO BOTTIGLIA;VINI;22;1;pz
BRACE_10;Ricetta;GALLETTO MEDITERRANEO;BRACE 🔥 🥩;16,8;1;pz
BRACE_11;Ricetta;GALLETTO AL FUOCO ROSSO;BRACE 🔥 🥩;16,8;1;pz
PRANZO_32;Ricetta;FUSILLI POMODORO E BASILICO PRANZO;ZZZ ARCHIVIO FOOD;9;1;pz
PASTE_31;Ricetta;FUSILLI POMODORO BURRATA;PASTE;28;1;pz
PASTE_25;Ricetta;FUSILLI POMODORI SECCHI;ZZZ ARCHIVIO FOOD;12,4;1;pz
PASTE_30;Ricetta;FUSILLI PESTO ROSSO;PASTE;9,8;1;pz
PRANZO_27;Ricetta;FUSILLI PESTO PRANZO;ZZZ ARCHIVIO FOOD;7,2;1;pz
PASTE_1;Ricetta;FUSILLI CACIO E PEPE;ZZZ ARCHIVIO FOOD;11,6;1;pz
PRIMI_CREMONINI_1;Ricetta;FUSILLI BURRATA E 'NDUJA;PASTE;0;1;pz
PASTE_19;Ricetta;FUSILLI BELLA LODI E ZUCCHINE;ZZZ ARCHIVIO FOOD;10,8;1;pz
PRIMI_CREMONINI_2;Ricetta;FUSILLI ALLA PARMIGIANA;PASTE;0;1;pz
PRANZO_13;Ricetta;FUSILLI ALLA NORMA PRANZO;ZZZ ARCHIVIO FOOD;7,2;1;pz
PRANZO_11;Prodotto;FUSILLI AI 2 POMODORI;ZZZ ARCHIVIO FOOD;10;1;pz
PIZZE_21;Ricetta;FUNGHI E FIOR DI LATTE;ZZZ ARCHIVIO FOOD;11,4;1;pz
FUSTI_6;Ricetta;FS ZINGI ALE;FUSTI;290;1;pz
FUSTI_1;Ricetta;FS ULTRA PILS;FUSTI;290;1;pz
FUSTI_13;Ricetta;FS SUPER CHIARA;FUSTI;232;1;pz
FUSTI_3;Ricetta;FS SUMMER IPA;FUSTI;0;1;pz
FUSTI_9;Ricetta;FS SEXY IPA;FUSTI;0;1;pz
FUSTI_2;Ricetta;FS IPER WEISS;FUSTI;0;1;pz
FUSTI_11;Ricetta;FS IMPERIALE;FUSTI;0;1;pz
FUSTI_5;Ricetta;FS HONEY IPA;FUSTI;0;1;pz
FUSTI_4;Ricetta;FS EXTRA BITTER;FUSTI;0;1;pz
FUSTI_7;Ricetta;FS BELLA ROSSA;FUSTI;0;1;pz
FUSTI_10;Ricetta;FS + CHE ROSSA;FUSTI;0;1;pz
BIBITE_32;Prodotto;FRIZZANTE MICROFILTRATA;BIBITE 🥤;0;1;pz
STARTER_21;Ricetta;FRITTO SICILIANO;ZZZ ARCHIVIO FOOD;13,8;1;pz
MENU_GRUPPI_FRITTO_MENU';Ricetta;FRITTO MENU';MENU';0;1;pz
BEACH_SECONDI_2;Ricetta;FRITTO GAMBERI E CALAMARI;BRACE 🔥 🥩;24;1;pz
BEACH_SECONDI_1;Ricetta;FRITTO CALAMARI;BRACE 🔥 🥩;22;1;pz
STARTER_5;Ricetta;FRITTO ASSOLUTO;ZZZ ARCHIVIO FOOD;14,8;1;pz
STARTER_19;Sotto ricetta;FRISELLA SALMONE E RAPA ROSSA;ZZZ ARCHIVIO FOOD;6,2;1;pz
BURGER_28;Ricetta;FRIARIE’;ZZZ ARCHIVIO FOOD;10,8;1;pz
BIRRE_STADIO_PLASTICA_4;Ricetta;FRANZISKANER PLASTICA;BIRRE PLASTICA;8;1;pz
BIRRE_STADIO_4;Ricetta;FRANZISKANER;BIRRE PLASTICA;8,4;1;pz
GELATI_17;Ricetta;FRAGOLINO;GELATI;2;1;pz
EVENTI_21;Ricetta;FOCACCIA TONNO E POMODORO;BAR;8;1;pz
TRANCIO_8;Ricetta;FOCACCIA POMODORO E PROVOLA;PIZZE;6;1;pz
EVENTI_22;Ricetta;FOCACCIA MORTADELLA;BAR;8;1;pz
TRANCIO_7;Ricetta;FOCACCIA CRUDO E PROVOLA;PIZZE;6;1;pz
EVENTI_20;Ricetta;FOCACCIA CRUDO E MOZZARELLA;BAR;17;1;pz
CONTORNI_9;Ricetta;FOCACCIA CONTORNO;ZZZ ARCHIVIO FOOD;5;1;pz
STARTER_40;Ricetta;FOCACCIA BARESE;ZZZ ARCHIVIO FOOD;0;1;pz
COCKTAILS_21;Ricetta;FLAT LINER;ZZZ ARCHIVIO BEVERAGE;3;1;pz
BURGER_56;Ricetta;FISH AND CHIPS;BURGER 🍔;10,8;1;pz
BRACE_17;Ricetta;FIORENTINA;BRACE 🔥 🥩;0;1;pz
PIZZE_19;Ricetta;FIORDILATTE E ZUCCHINE;ZZZ ARCHIVIO FOOD;0;1;pz
PRANZO_39;Ricetta;FIORDILATTE E PICCADILLY PRANZO;ZZZ ARCHIVIO FOOD;9;1;pz
PIZZE_11;Ricetta;FIORDILATTE E PICCADILLY;ZZZ ARCHIVIO FOOD;9,8;1;pz
BABY_3;Ricetta;FILETTO POLLO BABY;MENU' BABY 👶🏻;0;1;pz
BRACE_6;Ricetta;FILETTO LARDELLATO;ZZZ ARCHIVIO FOOD;21,6;1;pz
PRANZO_16;Ricetta;FILETTO DI POLLO ALLA BRACE PRANZO;ZZZ ARCHIVIO FOOD;7,8;1;pz
CONTORNO_CREMONINI_2;Ricetta;FIAMMIFERO CREMONINI;CONTORNI 🥗;0;1;pz
MERCHANDISING_22;Ricetta;FELPA DONNA VERDE;MERCHANDISING;0;1;pz
MERCHANDISING_20;Ricetta;FELPA DONNA ROSA;MERCHANDISING;0;1;pz
BIBITE_29;Ricetta;FANTA PET;BIBITE 🥤;4;1;pz
CONTORNI_11;Ricetta;FAGIOLINI;ZZZ ARCHIVIO FOOD;4,2;1;pz
GELATI_9;Ricetta;EXTREME PANNA;GELATI;3;1;pz
VARIANTI_FOOD_+_110;Ricetta;EXTRA PATTY SMASH;VARIANTI FOOD +;4,4;1;pz
BOTTIGLIE_5;Ricetta;EXTRA BITTER BOTTIGLIA;BOTTIGLIE 🍾;3;1;pz
MERCHANDISING_36;Ricetta;DVD GIGI RIVA 9,99€;MERCHANDISING;10;1;pz
MERCHANDISING_35;Ricetta;DVD GIGI RIVA 14,99€;MERCHANDISING;14,99;1;pz
GELATI_38;Ricetta;DUETTO;GELATI;2,8;1;pz
BURGER_43;Ricetta;DOPPIO TARTARE BELLA LODI;ZZZ ARCHIVIO FOOD;0;1;pz
BURGER_33;Ricetta;DOPPIO SUPER CLASSICO BURGER;MAXI BURGER;13,6;1;pz
SMASH_3;Ricetta;DOPPIO SMASH PECORINO E POMODORO;BURGER 🍔;14,8;1;pz
SMASH_1;Ricetta;DOPPIO SMASH BACON E CHEDDAR;BURGER 🍔;14,9;1;pz
BURGER_44;Ricetta;DOPPIO PROVOLA E VERDURE;ZZZ ARCHIVIO FOOD;15,6;1;pz
BURGER_32;Ricetta;DOPPIO PANCETTA E PROVOLA;MAXI BURGER;17,2;1;pz
BURGER_39;Ricetta;DOPPIO MELANZANE E POMODORI;ZZZ ARCHIVIO FOOD;0;1;pz
PRANZO_17;Ricetta;DOPPIO MEDAGLIONE PRANZO;MENU PRANZO;7,8;1;pz
BURGER_27;Ricetta;DOPPIO MEDAGLIONE NO MEAT;MENU PRANZO;0;1;pz
BURGER_31;Ricetta;DOPPIO CRUDO E STRACCIATELLA;ZZZ ARCHIVIO FOOD;0;1;pz
VINI_3;Ricetta;DOLCETTO BOTTIGLIA;VINI;22;1;pz
AMARI_18;Ricetta;DIPLOMATICO 12Y;AMARI;5;1;pz
DESSERT_28;Ricetta;DESSERT GOURMAND;DESSERT 🍰;0;1;pz
DESSERT_FESTA_DELLA_DONNA;Ricetta;DESSERT FESTA DELLA DONNA;ZZZ ARCHIVIO FOOD;0;1;pz
BRACE_12;Ricetta;DELIVERY BRACE MISTA 2 PX;BRACE 🔥 🥩;39,6;1;pz
DELD99;Prodotto;Deliveroo Discount;Delivery;-3,04;1;pz
CAFFE_3;Ricetta;DECAFFEINATO;CAFFE' ☕;1,5;1;pz
CAFFE_19;Ricetta;DECA VETRO;CAFFE' ☕;0;1;pz
AMARI_21;Ricetta;DALWHINNIE 15Y;AMARI;7;1;pz
COCKTAILS_14;Ricetta;CUBA PESTATO;ZZZ ARCHIVIO BEVERAGE;0;1;pz
COCKTAILS_13;Ricetta;CUBA LIBRE;COCKTAILS 🍸;6;1;pz
BURGER_12;Ricetta;CRUDO E STRACCIATELLA;ZZZ ARCHIVIO FOOD;15,2;1;pz
PIZZE_2;Ricetta;CRUDO E PICCADILLY;PIZZE;12,8;1;pz
BURGER_6;Prodotto;CRUDO E FIORDILATTE;ZZZ ARCHIVIO FOOD;12,8;1;pz
EVENTI_30;Ricetta;CROISSANT VUOTO SC GELO;BAR;4;1;pz
EVENTI_2;Ricetta;CROISSANT VUOTO;COLAZIONI SAN SIRO PUB;2;1;pz
EVENTI_11;Prodotto;CROISSANT VEGANO;DESSERT;2,2;1;pz
EVENTI_12;Prodotto;CROISSANT RIBES E MELOGRANO;DESSERT;2,5;1;pz
EVENTI_10;Ricetta;CROISSANT PISTACCHIO;COLAZIONI SAN SIRO PUB;2;1;pz
EVENTI_14;Prodotto;CROISSANT CRUDO;SOFT DRINK;4,5;1;pz
EVENTI_29;Ricetta;CROISSANT CREMA SC GELO;CAFFETTERIA;4,4;1;pz
EVENTI_5;Ricetta;CROISSANT CREMA;COLAZIONI SAN SIRO PUB;2;1;pz
EVENTI_15;Prodotto;CROISSANT COTTO;BAR;7,2;1;pz
EVENTI_3;Ricetta;CROISSANT CIOCK;COLAZIONI SAN SIRO PUB;4;1;pz
EVENTI_28;Ricetta;CROISSANT CIOCCOLATO SC GELO;CAFFETTERIA;2,5;1;pz
EVENTI_27;Ricetta;CROISSANT ALBICOCCA SC GELO;CAFFETTERIA;4,4;1;pz
EVENTI_4;Ricetta;CROISSANT ALBICOCCA;COLAZIONI SAN SIRO PUB;2;1;pz
PRIMI_CREMONINI_10;Ricetta;CREMONINI TAGLIATELLE AL RAGU;PASTE;0;1;pz
CREMONINI_SOFT_1;Ricetta;CREMONINI ACQUA NATURALE;BIBITE 🥤;0;1;pz
CREMONINI_SOFT;Ricetta;CREMONINI ACQUA FRIZZANTE;BIBITE 🥤;0;1;pz
COCKTAILS_27;Ricetta;CREMLINO;ZZZ ARCHIVIO BEVERAGE;7;1;pz
INSALATE_17;Ricetta;CREMA PISELLI E BELLA LODI;ZZZ ARCHIVIO FOOD;11,2;1;pz
PIZZE_14;Ricetta;CREMA DI ZUCCHINE E VERDURE;ZZZ ARCHIVIO FOOD;9,8;1;pz
INSALATE_18;Ricetta;CREMA CAROTE E STRACCIATELLA;ZZZ ARCHIVIO FOOD;10,8;1;pz
BRACE_22;Ricetta;COTOLETTA RICCA;ZZZ ARCHIVIO FOOD;15,8;1;pz
PRANZO_15;Ricetta;COTOLETTA DI POLLO PRANZO;MENU PRANZO;7,8;1;pz
SECONDI_CREMONINI_3;Ricetta;COTOLETTA DI POLLO PANATO CREMOMINI;MINI BRACE;0;1;pz
BABY_1;Ricetta;COTOLETTA BABY;MENU' BABY 👶🏻;0;1;pz
STARTER_48;Ricetta;COSTOLETTE DI MAIALE;ZZZ ARCHIVIO FOOD;13,8;1;pz
PRANZO_37;Ricetta;COSTINE PRANZO;ZZZ ARCHIVIO FOOD;10;1;pz
SECONDI_CREMONINI_5;Ricetta;COSTINE DI MAIALE CREMONINI;MINI BRACE;0;1;pz
BRACE_2;Ricetta;COSTINE DI MAIALE;BRACE 🔥 🥩;16,8;1;pz
BRACE_18;Prodotto;COSTATA;BRACE;214,68;1;pz
BRACE_1;Ricetta;COSCE IN CROSTA;ZZZ ARCHIVIO FOOD;13,8;1;pz
COCKTAILS_30;Ricetta;CORVO;ZZZ ARCHIVIO BEVERAGE;7;1;pz
GELATI_14;Ricetta;CORNETTO NO GLUTINE NO LATTOSIO;GELATI;12;1;pz
GELATI_6;Ricetta;COPPETTA MISTA;GELATI;3;1;pz
GELATI_4;Ricetta;COPPETTA FIORDILATTE;GELATI;0;1;pz
GELATI_5;Ricetta;COPPETTA CIOCK;GELATI;3;1;pz
BABY_8;Ricetta;COPPA NUTELLA BABY;MENU' BABY 👶🏻;0;1;pz
DESSERT_32;Ricetta;COPPA GELATO ALLA BIRRA;ZZZ ARCHIVIO FOOD;0;1;pz
DESSERT_23;Ricetta;COPPA FIORDILATTE E NUTELLA;DESSERT 🍰;6,4;1;pz
GELATI_32;Prodotto;COPPA D'ORO CAFFE' SEGAFREDO;SOFT DRINK;2;1;pz
GELATI_31;Ricetta;COPPA D'ORO AMARENA FABBRI;GELATI;2;1;pz
DESSERT_17;Prodotto;COPPA CAFFE' E CIOCCOLATO;ZZZ ARCHIVIO FOOD;0;1;pz
DESSERT_38;Ricetta;COPPA BIRRA E CARAMELLO SALATO;ZZZ ARCHIVIO FOOD;27,2;1;pz
COPERTO_ERBA_1;Ricetta;COPERTO VEGETARIANO ERBA;COPERTI;14,5;1;pz
COPERTI_35;Ricetta;COPERTO VEGETARIANO;COPERTI;18;1;pz
COPERTI_34;Ricetta;COPERTO UNDER 18;COPERTI;15;1;pz
COPERTI_29;Ricetta;COPERTO TRAINING FZZ;MENU DIPENDENTI FOOD;0;1;pz
COPERTO_PRANZO_CAGLIARI_CALCIO;Ricetta;COPERTO PRANZO CAGLIARI CALCIO;COPERTI;15;1;pz
COPERTO_ERBA_4;Ricetta;COPERTO PIZZE ERBA;COPERTI;17,5;1;pz
COPERTI_40;Prodotto;COPERTO PIZZA CINEMA;MENU';18,5;1;pz
COPERTI_22;Ricetta;COPERTO PIZZA;MENU';0;1;pz
COPERTI_12;Ricetta;COPERTO OPERATORE;COPERTI;5;1;pz
COPERTI_36;Ricetta;COPERTO MENU' GRUPPI;COPERTI;20;1;pz
COPERTI_18;Prodotto;COPERTO MENSA;COPERTI_10;0;1;pz
COPERTI_13;Ricetta;COPERTO MANAGER;MENU DIPENDENTI FOOD;0;1;pz
COPERTI_39;Prodotto;COPERTO INSALATA CINEMA;MENU';17,5;1;pz
COPERTI_37;Prodotto;COPERTO FESTE SENZA BEVANDE;MENU';45;1;pz
COPERTI_21;Prodotto;COPERTO FESTE CON BEVANDE;MENU';55;1;pz
COPERTI_25;Ricetta;COPERTO CONVENZIONE;MENU';0;1;pz
COPERTI_32;Ricetta;COPERTO COMEDY PIZZA;MENU';30;1;pz
COPERTI_31;Ricetta;COPERTO COMEDY BURGER;MENU';30;1;pz
COPERTO_ERBA_3;Ricetta;COPERTO BURGER ERBA;COPERTI;17,5;1;pz
COPERTI_20;Prodotto;COPERTO BURGER CINEMA;MENU';19,5;1;pz
COPERTO_ERBA_2;Ricetta;COPERTO BRACE ERBA;MENU;14,5;1;pz
COPERTI_23;Ricetta;COPERTO BRACE;MENU';33;1;pz
COPERTI_19;Ricetta;COPERTO BAND;COPERTI;0;1;pz
COPERTI_27;Ricetta;COPERTO BABY FREE;MENU' BABY 👶🏻;0;1;pz
COPERTI_3;Ricetta;COPERTO BABY;MENU' BABY 👶🏻;8;1;pz
MERCHANDISING_9;Prodotto;COPERTA DM;ZZZ ARCHIVIO FOOD;5;1;pz
COCKTAILS_33;Ricetta;CONTRAPPUNTO;ZZZ ARCHIVIO BEVERAGE;7;1;pz
CONTORNI_14;Prodotto;CONTORNO CARNE;BRACE;0;1;pz
CONTORNO_CREMONINI_3;Ricetta;CONTORNO BRACE CREMONINI;VARIANTI CONTORNI;0;1;pz
GELATI_3;Ricetta;CONO MISTO;GELATI;3;1;pz
GELATI_34;Ricetta;CONO MALLOW;GELATI;2,8;1;pz
GELATI_1;Ricetta;CONO FIORDILATTE;GELATI;0;1;pz
GELATI_2;Ricetta;CONO CIOCK;GELATI;3;1;pz
CMPXXX;Prodotto;Compensazione;RICAVI;0;1;pz
PRANZO_COMBO;Prodotto;COMBO PRANZO;MENU PRANZO;9,8;1;pz
COMBO_PIZZA_PALERMO;Prodotto;COMBO PIZZA PALERMO;PROMO;0;1;pz
COMBO_BURGER_PALERMO;Prodotto;COMBO BURGER PALERMO;PROMO;0;1;pz
COMBO_BURGER_DELIVERECT_4;Prodotto;COMBO BURGER DELIVERECT 4;MENU';15,2;1;pz
COMBO_BURGER_DELIVERECT_3;Prodotto;COMBO BURGER DELIVERECT 3;MENU';17,2;1;pz
COMBO_BURGER_DELIVERECT_2;Prodotto;COMBO BURGER DELIVERECT 2;MENU';15,8;1;pz
COMBO_BURGER_DELIVERECT_1;Prodotto;COMBO BURGER DELIVERECT 1;MENU';15,2;1;pz
BEER_TOUR_18;Ricetta;COMANDA COLORE;BEER TOUR 🍻;26;1;pz
BIBITE_17;Ricetta;COLA ZERO POLARA OLD;ZZZ ARCHIVIO BEVERAGE;3,8;1;pz
BIBITE_17 ;Ricetta;COLA ZERO POLARA;BIBITE 🥤;3,8;1;pz
BIBITE_17_;Ricetta;COLA ZERO;BIBITE 🥤;4;1;pz
BIBITE_3;Ricetta;COLA;BIBITE 🥤;3,8;1;pz
BOTTIGLIE_12;Ricetta;COCOA IPA BOTTIGLIA;BOTTIGLIE 🍾;3;1;pz
BIBITE_28;Ricetta;COCA COLA ZERO PET;BIBITE 🥤;4;1;pz
BIBITE_21;Ricetta;COCA COLA VAP;BIBITE 🥤;3,8;1;pz
BIBITE_27;Ricetta;COCA COLA PET;BIBITE 🥤;4;1;pz
PACKAGING_8;Ricetta;CLUSTER BIRRA DA 2;PACKAGING;0;1;pz
COCKTAILS_22;Ricetta;CLOROFILLO;COCKTAILS 🍸;6;1;pz
CAFFE_14;Ricetta;CIOCCOLATA PICCOLA;CAFFE' ☕;2,5;1;pz
CAFFE_15;Ricetta;CIOCCOLATA GRANDE;CAFFE' ☕;3,6;1;pz
GELATI_37;Ricetta;CINQUE STELLE PANNA E CAFFE';GELATI;12;1;pz
GELATI_36;Ricetta;CINQUE STELLE PANNA AMARENA;GELATI;3;1;pz
GELATI_33;Ricetta;CINQUE STELLE PANNA;GELATI;2,6;1;pz
GELATI_35;Ricetta;CINQUE STELLE CROCCANTINO;GELATI;3;1;pz
EVENTI_18;Ricetta;CIABATTA VEGETARIANA;BAR;35;1;pz
EVENTI_19;Ricetta;CIABATTA SALMONE E ZUCCHINE;BAR;5,6;1;pz
EVENTI_17;Ricetta;CIABATTA COTTO E MOZZARELLA;BAR;15;1;pz
COPERTI_38;Ricetta;CHIPS MUG;CONTORNI 🥗;0;1;pz
STARTER_27;Ricetta;CHIPS CACIO E PEPE;ZZZ ARCHIVIO FOOD;5,8;1;pz
STARTER_50;Ricetta;CHIPS BELLA LODI;STARTER;5;1;pz
STARTER_36 ;Ricetta;CHIPS ALLA PIACENTINA;ZZZ ARCHIVIO FOOD;4,8;1;pz
STARTER_36;Ricetta;CHIPS ALLA PIACENTINA;ZZZ ARCHIVIO FOOD;4,8;1;pz
DESSERT_2;Ricetta;CHEESECAKE NUTELLA;DESSERT 🍰;5,8;1;pz
DESSERT_39;Ricetta;CHEESECAKE FRUTTI DI BOSCO;DESSERT 🍰;12;1;pz
DESSERT_3;Ricetta;CHEESECAKE AMARENE;ZZZ ARCHIVIO FOOD;5,8;1;pz
BURGER_68;Ricetta;CHE POLLO;ZERO SCUSE;6,5;1;pz
STARTER_65;Ricetta;CAZZILLI (6PZ);STARTER;10,88;1;pz
DESSERT_30;Ricetta;CASSATA SICILIANA;ZZZ ARCHIVIO FOOD;6,4;1;pz
COCKTAILS_24;Ricetta;CASANOVA SPRITZ;COCKTAILS 🍸;7;1;pz
BABY_17;Prodotto;CARTE UNO DOPPIOMALTO;MERCHANDISING;1;1;pz
STARTER_17;Prodotto;CARCIOFI FRITTI;ZZZ ARCHIVIO FOOD;6,4;1;pz
PIZZE_15;Ricetta;CARBONARA SBAGLIATA OLD;ZZZ ARCHIVIO FOOD;11,8;1;pz
PIZZE_18;Ricetta;CARBONARA SBAGLIATA NEW 11/24;ZZZ ARCHIVIO FOOD;0;1;pz
CARAFFE_8;Ricetta;CARAFFA ZINGI ALE;CARAFFE 🍺;21;1;pz
CARAFFE_1;Ricetta;CARAFFA ULTRA PILS;CARAFFE 🍺;21;1;pz
CARAFFE_2;Ricetta;CARAFFA SUPER CHIARA;CARAFFE 🍺;21;1;pz
CARAFFE_18;Ricetta;CARAFFA SUPER BLANCHE;CARAFFE 🍺;21;1;pz
CARAFFE_4;Ricetta;CARAFFA SUMMER IPA;CARAFFE 🍺;21;1;pz
CARAFFE_21;Ricetta;CARAFFA SUMMER ALCOOL FREE;CARAFFE 🍺;22;1;pz
COCKTAILS_37;Ricetta;CARAFFA SPRITZ;ZZZ ARCHIVIO BEVERAGE;22;1;pz
CARAFFE_15;Ricetta;CARAFFA SPECIAL PILS;ZZZ ARCHIVIO BEVERAGE;0;1;pz
CARAFFE_11;Ricetta;CARAFFA SEXY IPA;CARAFFE 🍺;21;1;pz
CARAFFE_16;Ricetta;CARAFFA REGINA;CARAFFE 🍺;21;1;pz
CARAFFE_14;Ricetta;CARAFFA 'O SOLE MIO;CARAFFE 🍺;21;1;pz
CARAFFE_17;Ricetta;CARAFFA MAGNUS;CARAFFE 🍺;0;1;pz
CARAFFE_3;Ricetta;CARAFFA IPER WEISS;CARAFFE 🍺;21;1;pz
CARAFFE_12;Ricetta;CARAFFA IMPERIALE;CARAFFE 🍺;21;1;pz
CARAFFE_6;Ricetta;CARAFFA HONEY IPA;CARAFFE 🍺;21;1;pz
CARAFFE_5;Ricetta;CARAFFA EXTRA BITTER;CARAFFE 🍺;21;1;pz
CARAFFE_9;Ricetta;CARAFFA COCOA IPA;CARAFFE 🍺;0;1;pz
CARAFFE_20;Ricetta;CARAFFA CHIARA ALCOOL FREE;CARAFFE 🍺;22;1;pz
CARAFFE_13;Ricetta;CARAFFA BLACK STOUT;CARAFFE 🍺;21;1;pz
CARAFFE_7;Ricetta;CARAFFA BELLA ROSSA;CARAFFE 🍺;22;1;pz
CARAFFE_10;Ricetta;CARAFFA + CHE ROSSA;CARAFFE 🍺;21;1;pz
BURGER_8;Ricetta;CAPRINO E CIPOLLA;ZZZ ARCHIVIO FOOD;12,4;1;pz
STARTER_53;Ricetta;CAPRESE DI BURRATA E POMODORI;STARTER;8,2;1;pz
CAFFETTERIA_DIP_STADIO_1;Ricetta;CAPPUCCINO DIP STADIO;CAFFE' ☕;2;1;pz
CAFFE_8;Ricetta;CAPPUCCINO;CAFFE' ☕;2,6;1;pz
PREMI_LOYALTY_3;Ricetta;CAPPELLINO LOYALTY EYE SPORT;MERCHANDISING;0;1;pz
MERCHANDISING_37;Ricetta;CAPPELLINO DM;MERCHANDISING 👕;15;1;pz
INSALATE_19;Ricetta;CAPONATA E CRUDITE;ZZZ ARCHIVIO FOOD;11,4;1;pz
STARTER_54;Ricetta;CAPONATA DI VERDURE;ZZZ ARCHIVIO FOOD;16,4;1;pz
STRANE COPPIE_1;Ricetta;CAPADOLCE;STRANE COPPIE;3,5;1;pz
AMARI_13;Ricetta;CAOL ILA;AMARI;7;1;pz
VINI_1;Ricetta;CANNONAU BOTTIGLIA;VINI;0;1;pz
DESSERT_43;Ricetta;CANNOLO SINGOLO;DESSERT 🍰;3,2;1;pz
DESSERT_41;Ricetta;CANNOLO SCOMPOSTO;DESSERT 🍰;5,6;1;pz
COCKTAILS_25;Ricetta;CANICOLA;ZZZ ARCHIVIO BEVERAGE;7;1;pz
CAMBIO_SALAMELLA;Ricetta;CAMBIO SALAMELLA X1;GRIGLIA;0;1;pz
PIZZE_23;Ricetta;CALZONE MARGHERITA;PIZZE;6;1;pz
PIZZE_22;Ricetta;CALZONE COTTO E MOZZARELLA;PIZZE;12;1;pz
VINI_6;Ricetta;CALICE VERMENTINO;VINI;6;1;pz
VINI_14;Ricetta;CALICE TRAMINER;VINI;6;1;pz
VINI_8;Ricetta;CALICE ROSATO;VINI;6;1;pz
VINI_12;Ricetta;CALICE PROSECCO FESTE;VINI;0;1;pz
VINI_10;Ricetta;CALICE PROSECCO;VINI;5;1;pz
VINI_19;Ricetta;CALICE GALLUCCIO;VINI;6;1;pz
VINI_4;Ricetta;CALICE DOLCETTO;VINI;6;1;pz
VINI_2;Ricetta;CALICE CANNONAU;VINI;5;1;pz
MERCHANDISING_11;Ricetta;CALAMITA APRIBOTTIGLIA;MERCHANDISING;0;1;pz
MERCHANDISING_4;Ricetta;CALAMITA;MERCHANDISING;2;1;pz
CAFFE_18;Ricetta;CAFFE' VETRO;CAFFE' ☕;0;1;pz
CAFFE_5;Ricetta;CAFFE' ORZO;CAFFE' ☕;1,5;1;pz
CAFFE_2;Ricetta;CAFFE' MACCHIATO;CAFFE' ☕;2;1;pz
CAFFE_10;Ricetta;CAFFE' LATTE;CAFFE' ☕;2;1;pz
STRANE COPPIE_5;Ricetta;CAFFE' IMPERIALE;STRANE COPPIE;3,5;1;pz
CAFFE_GOURMAND;Prodotto;CAFFE' GOURMAND;MENU';0;1;pz
CAFFE_6;Ricetta;CAFFE' GINSENG;CAFFE' ☕;1,5;1;pz
CAFFE_13;Ricetta;CAFFE' DOPPIO;CAFFE' ☕;2;1;pz
CAFFE_11;Ricetta;CAFFE' DIPENDENTI;MENù DIPENDENTI BEVERAGE;0;1;pz
CAFFE_4;Ricetta;CAFFE' CORRETTO;CAFFE' ☕;2;1;pz
CAFFE_17;Ricetta;CAFFE' AMERICANO;CAFFE' ☕;2;1;pz
CAFFE_7;Ricetta;CAFFE' AL BANCO;CAFFE' ☕;1,2;1;pz
CAFFE_1;Ricetta;CAFFE';CAFFE' ☕;2;1;pz
STARTER_10;Prodotto;BURRATA E PICCADILLY;ZZZ ARCHIVIO FOOD;6,4;1;pz
PIZZE_25;Ricetta;BURRATA E OLIVE;PIZZE;13,6;1;pz
PIZZE_4;Ricetta;BURRATA E 'NDUJA;PIZZE;12,8;1;pz
STARTER_28;Ricetta;BURRATA E GUTTIAU;ZZZ ARCHIVIO FOOD;6,4;1;pz
BURGER_71;Ricetta;BURGER TARTARE E FUNGHI;ZZZ ARCHIVIO FOOD;12,4;1;pz
PRANZO_29;Ricetta;BURGER SALAMELLA PRANZO;ZZZ ARCHIVIO FOOD;7,8;1;pz
PRANZO_63;Ricetta;BURGER FUNGHI E ZUCCHINE PRANZO;ZZZ ARCHIVIO FOOD;10;1;pz
PRANZO_30;Ricetta;BURGER CLASSICO PRANZO;MENU PRANZO;7,8;1;pz
BURGER_72;Ricetta;BURGER CARBONARA OLE;BURGER 🍔;41,4;1;pz
BABY_2;Ricetta;BURGER BABY;MENU' BABY 👶🏻;0;1;pz
BIRRE_STADIO_PLASTICA_7;Ricetta;BUD PLASTICA;BIRRE PLASTICA;8;1;pz
BIRRE_STADIO_7;Ricetta;BUD;BIRRE 0.4 🍺;6,8;1;pz
STARTER_38;Ricetta;BRUSCH. FUNGHI E STRACCIATELLA AL TARTUFO;ZZZ ARCHIVIO FOOD;7,8;1;pz
DESSERT_33;Ricetta;BRIOCHE GELATO;ZZZ ARCHIVIO FOOD;5,4;1;pz
DESSERT_37;Ricetta;BRIOCHE CIOCK E PISTACCHIO;ZZZ ARCHIVIO FOOD;5;1;pz
SALSE9;Ricetta;BRICK SALSA PICCANTE;SALSE;0;1;pz
AMARI_3;Ricetta;BRAULIO;AMARI;4,4;1;pz
COCKTAILS_59;Ricetta;BRAIN;ZZZ ARCHIVIO BEVERAGE;4;1;pz
BRACE_25;Ricetta;BRACE VERONA 1 PX;ZZZ ARCHIVIO FOOD;0;1;pz
BRACE_42;Ricetta;BRACE SINGOLA;MINI BRACE;21,8;1;pz
PRANZO_34;Ricetta;BRACE PRANZO OTTOBRE 2025;ZZZ ARCHIVIO FOOD;10;1;pz
BRACE_34;Ricetta;BRACE MISTA 1PX new;BRACE 🔥 🥩;0;1;pz
BRACE_3;Ricetta;BRACE MISTA 1 PX old;ZZZ ARCHIVIO FOOD;19,8;1;pz
BRACE_26;Ricetta;BRACE CUBEROLL 1PX;BRACE 🔥 🥩;0;1;pz
PACKAGING_3;Ricetta;BOX PIZZA;PACKAGING;0;1;pz
PACKAGING_2;Ricetta;BOX PICCOLO;PACKAGING;0;1;pz
PACKAGING_1;Ricetta;BOX GRANDE;PACKAGING;0;1;pz
BOX_BIRRE_LOYALTY_1;Prodotto;BOX BIRRE LOYALTY X 8;Loyalty;0;1;pz
BOX_BIRRE_LOYALTY;Prodotto;BOX BIRRE LOYALTY X 6;Loyalty;0;1;pz
BOX_BIRRE_LOYALTY_4;Prodotto;BOX BIRRE LOYALTY X 24;Loyalty;0;1;pz
BOX_BIRRE_LOYALTY_2;Prodotto;BOX BIRRE LOYALTY X 12;Loyalty;0;1;pz
BOX_BIRRE_LOYALTY_3;Prodotto;BOX BIRRE LOYALTY X 10;Loyalty;24;1;pz
PACKAGING_7;Ricetta;BOX ASPORTO BIRRA 6 PZ;PACKAGING;0;1;pz
AMARI_26;Ricetta;BOWMORE 12Y;AMARI;7;1;pz
BOTTIGLIE_SAN_TEODORO;Prodotto;BOTTIGLIE SAN TEODORO;BOTTIGLIE 🍾;0;1;pz
DAMIGIANE_14;Ricetta;BOTTIGLIA DM;DAMIGIANE;10,8;1;pz
MERCHANDISING_24;Ricetta;BORRSONE DM;MERCHANDISING;0;1;pz
MERCHANDISING_32;Ricetta;BORRACCIA 400 ML PULLY;MERCHANDISING;10,32;1;pz
STARTER_52;Ricetta;BOMBETTE PUGLIESI;ZZZ ARCHIVIO FOOD;7,8;1;pz
COCKTAILS_20;Ricetta;BLACK RUSSIAN;ZZZ ARCHIVIO BEVERAGE;3;1;pz
COCKTAILS_66;Ricetta;BITTER BULL;COCKTAILS 🍸;7;1;pz
GELATI_39;Prodotto;BISCOTTO AMANDO FRUTTI DI BOSCO;SOFT DRINK;2,8;1;pz
BIRRE_SPINA_PROMO_2X3;Prodotto;BIRRE SPINA PROMO 2X3;PROMO;0;1;pz
PROMO_BIRRE_NFC;Prodotto;BIRRE PROMO NFC;PROMO;0;1;pz
BIRRE_PROMO_EUROPEI;Prodotto;BIRRE PROMO EUROPEI;MENU';0;1;pz
BIRRE_FREE;Prodotto;BIRRE FREE;PROMO;0;1;pz
EVENTI_31;Prodotto;BIRRAMISU DMB;DESSERT;6,8;1;pz
DESSERT_1;Ricetta;BIRRAMISU';DESSERT 🍰;6,4;1;pz
COMBO_GP_MONZA;Prodotto;BIRRA GP MONZA;MENU';4,4;1;pz
COMBO_PACK_BIRRA_1;Ricetta;BICCHIERI E BIRRA PACK;MERCHANDISING;18;1;pz
COLAZIONE_4;Prodotto;BICCH. NATURALE;CAFFE' ☕;0,5;1;pz
COLAZIONE_5;Prodotto;BICCH. GASSATA;CAFFE' ☕;1;1;pz
BOTTIGLIE_2;Ricetta;BELLA ROSSA BOTTIGLIA;BOTTIGLIE 🍾;3;1;pz
BEER_TOUR_COMPONIBILE;Prodotto;BEER TOUR COMPONIBILE;BEER TOUR 🍻;9;1;pz
COCKTAILS_60;Ricetta;BEATA VERGINE;ZZZ ARCHIVIO BEVERAGE;6;1;pz
SALSE_6;Ricetta;BBQ CIOTOLINA;SALSE;0;1;pz
VARIANTI_SALSE_+_32;Ricetta;BBQ ALLA BIRRA CIOTOLINA;VARIANTI SALSE +;1,26;1;pz
TRANCIO_9;Ricetta;BASE SLICE ROSSA;PIZZE;0;1;pz
TRANCIO_1;Ricetta;BASE SLICE MARGHERITA;PIZZE;15,2;1;pz
BEACH_BASE_1;Ricetta;BASE RISO;BAR;0;1;pz
BEACH_BASE_2;Ricetta;BASE INSALATA;BAR;0;1;pz
FRUTTA_STADIO;Ricetta;BANANA;DESSERT 🍰;0;1;pz
AMARI_8;Ricetta;BAILEYS;AMARI;4;1;pz
BABY_6;Ricetta;BABY MINI STECCO;ZZZ ARCHIVIO FOOD;0;1;pz
DESSERT_11;Ricetta;BABA' NUTELLA;ZZZ ARCHIVIO FOOD;5,8;1;pz
DESSERT_12;Ricetta;BABA' AMARENE;ZZZ ARCHIVIO FOOD;5,8;1;pz
AMARI_1;Ricetta;AVERNA;AMARI;4;1;pz
MSG0;Prodotto;Aspettare;COMMENTI;0;1;pz
STARTER_58;Ricetta;ARROSTICINI DI POLLO;ZZZ ARCHIVIO FOOD;13,4;1;pz
STARTER_33;Ricetta;ARROSTICINI ABRUZZESI;STARTER;9,69;1;pz
STARTER_63;Ricetta;ARANCINI (4 PZ);STARTER;6,8;1;pz
BIBITE_9;Ricetta;ARANCIATA;BIBITE 🥤;3,8;1;pz
AH_PERO'_7;Ricetta;APERITIVO PALERMO;ZZZ ARCHIVIO FOOD;12;1;pz
AH_PERO_17;Ricetta;APERITIVO 2 PAX;AH PERO';20;1;pz
AH_PERO_16;Ricetta;APERITIVO 1 PAX;AH PERO';10;1;pz
STARTER_43;Ricetta;ANTIPASTO TRICOLORE;STARTER;15,2;1;pz
AMARI_25;Ricetta;ANIMA NERA;AMARI;4;1;pz
STARTER_2;Ricetta;ANELLI DI CIPOLLA;STARTER;5,8;1;pz
COCKTAILS_35;Ricetta;AMERICANO;COCKTAILS 🍸;7;1;pz
AMARI_28;Ricetta;AMARO DOPPIO MALTO;AMARI;3,5;1;pz
AMARI_2;Ricetta;AMARO DEL CAPO;AMARI;4;1;pz
AMARI_31;Ricetta;AMARO CAMATTI;AMARI;4;1;pz
OI5;Prodotto;Altro;ZZZ ARCHIVIO FOOD;19,2;1;pz
STARTER_47;Ricetta;ALETTE DI POLLO NEW 11/24;ZZZ ARCHIVIO FOOD;0;1;pz
AH_PERO_13 ;Prodotto;AH PERO' PREMIUM;AH PERO';0;1;pz
AH_PERO_13;Prodotto;AH PERO' PREMIUM;AH PERO';0;1;pz
MERCHANDISING_26;Ricetta;AGENDA DM;MERCHANDISING;0;1;pz
MERCHANDISING_6;Prodotto;ADESIVI PICCOLI;ZZZ ARCHIVIO FOOD;0;1;pz
MERCHANDISING_7;Prodotto;ADESIVI GRANDI;ZZZ ARCHIVIO FOOD;0;1;pz
VARIANTI_FOOD_+_98;Ricetta;ADD ZUCCHINE GRILL;VARIANTI FOOD +;0,45;1;pz
VARIANTI_FOOD_+_100;Ricetta;ADD ZUCCHINE CHIPS;VARIANTI FOOD +;0,5;1;pz
VARIANTI_ FOOD_+_35;Ricetta;ADD ZUCCHINE;VARIANTI FOOD +;0;1;pz
VARIANTI_FOOD_+_80;Ricetta;ADD ZUCCA;ZZZ ARCHIVIO FOOD;1;1;pz
VARIANTI CONTORNI_6;Prodotto;ADD VERDURE GRIGLIATE;ZZZ ARCHIVIO FOOD;0;1;pz
VARIANTI CONTORNI_16;Ricetta;ADD VERDURE GRIGLIATE;VARIANTI FOOD +;0;1;pz
VARIANTI_FOOD_+_105;Ricetta;ADD UOVO;VARIANTI FOOD +;2;1;pz
VARIANTI_FOOD_+_82;Ricetta;ADD TARTARE 100G;VARIANTI FOOD +;3,8;1;pz
VARIANTI_PASTA_4;Ricetta;ADD TAGLIATELLE;VARIANTI FOOD +;0;1;pz
VARIANTI_ SALSE_+_20;Ricetta;ADD STRACCIATELLA AL TARTUFO;ZZZ ARCHIVIO FOOD;0;1;pz
VARIANTI_ FOOD_+_40;Ricetta;ADD STRACCIATELLA;VARIANTI FOOD +;0;1;pz
VARIANTI CONTORNI_5;Ricetta;ADD SPICCHIO;VARIANTI FOOD +;0;1;pz
VARIANTI_FOOD_+_75;Ricetta;ADD SOVRACOSCIA 125G;VARIANTI FOOD +;4;1;pz
VARIANTI_ SALSE_+_28;Ricetta;ADD SEXY SAUCE;VARIANTI FOOD +;0;1;pz
VARIANTI_FOOD_+_81;Ricetta;ADD SCAMONE 100G;VARIANTI FOOD +;4;1;pz
VARIANTI_FOOD_+_74;Ricetta;ADD SCAGLIETTE CIOCK;VARIANTI FOOD +;0;1;pz
VARIANTI_ SALSE_+_14;Prodotto;ADD SALSA TARTARA;ZZZ ARCHIVIO FOOD;0;1;pz
VARIANTI_FOOD_+_88;Ricetta;ADD SALSA POMO GIALLO;ZZZ ARCHIVIO FOOD;0;1;pz
VARIANTI_ SALSE_+_16;Prodotto;ADD SALSA GRAVY;ZZZ ARCHIVIO FOOD;0;1;pz
VARIANTI_FOOD_+_85;Ricetta;ADD SALSA GRANA TARTUFO 20G;ZZZ ARCHIVIO FOOD;1;1;pz
VARIANTI_ SALSE_+_11;Ricetta;ADD SALSA FUOCO ROSSO;ZZZ ARCHIVIO FOOD;0;1;pz
VARIANTI_ FOOD_+_17;Ricetta;ADD SALSA DI POMODORO;VARIANTI FOOD +;0,5;1;pz
VARIANTI_SALSE_+_29;Ricetta;ADD SALSA CHEDDAR;VARIANTI SALSE +;1,4;1;pz
VARIANTI_ SALSE_+_18;Ricetta;ADD SALSA CARBONARA;VARIANTI SALSE +;0;1;pz
VARIANTI_ SALSE_+_26;Ricetta;ADD SALSA BBQ BIANCA;VARIANTI SALSE +;1;1;pz
VARIANTI_ SALSE_+_24;Ricetta;ADD SALSA ALLE ERBE;VARIANTI SALSE +;0;1;pz
VARIANTI_ SALSE_+_23;Ricetta;ADD SALSA ALLA BIRRA;VARIANTI SALSE +;0;1;pz
VARIANTI_ SALSE_+_25;Ricetta;ADD SALSA AL PEPERONCINO;VARIANTI SALSE +;1;1;pz
VARIANTI_ SALSE_+_10;Ricetta;ADD SALSA AGRODOLCE;ZZZ ARCHIVIO FOOD;0;1;pz
VARIANTI_ FOOD_+_19;Ricetta;ADD RUCOLA;VARIANTI FOOD +;0,5;1;pz
VARIANTI_ FOOD_+_24;Ricetta;ADD RICOTTA SALATA;ZZZ ARCHIVIO FOOD;0,5;1;pz
VARIANTI_ FOOD_+_7;Ricetta;ADD RASPADURA;VARIANTI FOOD +;1;1;pz
VARIANTI_FOOD_+_70;Ricetta;ADD PROVOLA DOLCE;VARIANTI FOOD +;1;1;pz
VARIANTI_ FOOD_+_9;Ricetta;ADD PROVOLA;VARIANTI FOOD +;1;1;pz
VARIANTI_ FOOD_+_36;Ricetta;ADD PORCHETTA;ZZZ ARCHIVIO FOOD;0;1;pz
VARIANTI_FOOD_+_97;Ricetta;ADD POMODORO GRILL;VARIANTI FOOD +;1;1;pz
VARIANTI CONTORNI_9;Prodotto;ADD POMO/CETRIOLI;ZZZ ARCHIVIO FOOD;0;1;pz
VARIANTI_ FOOD_+_23;Ricetta;ADD POMO VESUVIANO;ZZZ ARCHIVIO FOOD;0;1;pz
VARIANTI_ FOOD_+_54;Ricetta;ADD POMO RAMATO;VARIANTI FOOD +;0;1;pz
VARIANTI_ FOOD_+_21;Ricetta;ADD POMO PICCADILLY;VARIANTI FOOD +;0;1;pz
VARIANTI_ FOOD_+_22;Ricetta;ADD POMO GIALLI;VARIANTI FOOD +;0,5;1;pz
VARIANTI_FOOD_+_112;Ricetta;ADD PETTO DI POLLO (120G);VARIANTI FOOD +;0;1;pz
VARIANTI_ FOOD_+_33;Prodotto;ADD PEPERONI;ZZZ ARCHIVIO FOOD;0;1;pz
VARIANTI_ FOOD_+_14;Ricetta;ADD PEPE;VARIANTI FOOD +;0;1;pz
VARIANTI_ FOOD_+_8;Ricetta;ADD PECORINO;VARIANTI FOOD +;1;1;pz
VARIANTI_FOOD_+_71;Ricetta;ADD PANNA SPRAY;VARIANTI FOOD +;0;1;pz
CAFFE_16;Ricetta;ADD PANNA MONTATA;VARIANTI FOOD +;0,5;1;pz
VARIANTI CONTORNI_10;Ricetta;ADD PANE SALA;VARIANTI FOOD +;0;1;pz
VARIANTI CONTORNI_7;Ricetta;ADD ORTO FRESCO;VARIANTI CONTORNI;0;1;pz
ADD_ON_VODKA;Ricetta;ADD ON VODKA;VARIANTI BEVERAGE;0;1;pz
ADD_ON_GIN;Prodotto;ADD ON GIN;ZZZ ARCHIVIO BEVERAGE;0;1;pz
VARIANTI_ FOOD_+_15;Ricetta;ADD OLIVE;VARIANTI FOOD +;0,45;1;pz
VARIANTI_ FOOD_+_63;Ricetta;ADD NUTELLA;VARIANTI FOOD +;0;1;pz
VARIANTI_ FOOD_+_29;Ricetta;ADD 'NDUJA;VARIANTI FOOD +;0,5;1;pz
VARIANTI_FOOD_+_106;Ricetta;ADD MOZZARELLA FILONE (100 GR);VARIANTI FOOD +;2;1;pz
VARIANTI_ FOOD_+_5;Ricetta;ADD MOZZARELLA;VARIANTI FOOD +;0;1;pz
VARIANTI_SALSE_+_31;Ricetta;ADD MOUSSE BELLA LODI;VARIANTI SALSE +;1,4;1;pz
VARIANTI_FOOD_+_99;Ricetta;ADD MORTADELLA;VARIANTI FOOD +;0,85;1;pz
VARIANTI_ FOOD_+_38;Prodotto;ADD MIELE;ZZZ ARCHIVIO FOOD;0;1;pz
VARIANTI_PASTA_5;Ricetta;ADD MEZZELUNE;VARIANTI FOOD +;0;1;pz
VARIANTI_FOOD_+_93;Ricetta;ADD MELANZANE GRILL;VARIANTI FOOD +;0,45;1;pz
VARIANTI_ FOOD_+_34;Ricetta;ADD MELANZANE;VARIANTI FOOD +;0;1;pz
VARIANTI_ SALSE_+_4;Ricetta;ADD MAYO POMODORI;VARIANTI SALSE +;0;1;pz
VARIANTI_ SALSE_+_3;Prodotto;ADD MAYO PEPERONI;ZZZ ARCHIVIO FOOD;0;1;pz
VARIANTI_ SALSE_+_1;Ricetta;ADD MAYO BIRRA;VARIANTI SALSE +;0;1;pz
VARIANTI_ SALSE_+_2;Ricetta;ADD MAYO;VARIANTI SALSE +;0;1;pz
VARIANTI_ SALSE_+_27;Ricetta;ADD MARMELLATA BACON E CIPOLLA;VARIANTI FOOD +;0;1;pz
VARIANTI_ FOOD_+_61;Ricetta;ADD LIMONE ARROSTO;ZZZ ARCHIVIO FOOD;0;1;pz
VARIANTI_ FOOD_+_12;Ricetta;ADD LARDO;ZZZ ARCHIVIO FOOD;2;1;pz
VARIANTI_ FOOD_+_31;Ricetta;ADD INSALATA;VARIANTI FOOD +;0;1;pz
VARIANTI_ FOOD_+_56;Ricetta;ADD INS. GENTILE;VARIANTI FOOD +;0;1;pz
VARIANTI_FOOD_+_72;Ricetta;ADD GUTTIAU;VARIANTI FOOD +;0;1;pz
VARIANTI_ FOOD_+_10;Ricetta;ADD GRATTUGIATO;VARIANTI FOOD +;0;1;pz
VARIANTI_FOOD_+_86;Ricetta;ADD GRANA CROCCANTE 20G;VARIANTI FOOD +;0;1;pz
VARIANTI_PASTA_7;Ricetta;ADD GNOCCHI;VARIANTI FOOD +;0;1;pz
VARIANTI_ SALSE_+_12;Ricetta;ADD GLASSA BALSAMICA;ZZZ ARCHIVIO FOOD;0;1;pz
VARIANTI_ SALSE_+_13;Ricetta;ADD GLASSA ALETTE;ZZZ ARCHIVIO FOOD;0;1;pz
VARIANTI_FOOD_+_114;Prodotto;ADD GELATO CREMA (60GR);CAFFE';2;1;pz
VARIANTI_FOOD_+_87;Ricetta;ADD GELATO BIRRA 60G;VARIANTI FOOD +;0;1;pz
VARIANTI_PASTA_6;Ricetta;ADD FUSILLI;VARIANTI FOOD +;0;1;pz
VARIANTI_FOOD_+_67;Ricetta;ADD FUNGO (60 GR);VARIANTI FOOD +;2;1;pz
VARIANTI_FOOD_+_66;Ricetta;ADD FUNGHI MISTI;VARIANTI FOOD +;0;1;pz
VARIANTI_ FOOD_+_67 ;Ricetta;ADD FUNGHI;VARIANTI FOOD +;0;1;pz
VARIANTI_FOOD_+_101;Ricetta;ADD FRUTTI DI BOSCO;VARIANTI FOOD +;0;1;pz
ADD_FRITTE_ZERO_SCUSE;Ricetta;ADD FRITTE ZERO SCUSE;VARIANTI FOOD +;2,8;1;pz
VARIANTI CONTORNI_4;Ricetta;ADD FRITTE;VARIANTI FOOD +;0;1;pz
ADD_FORNO_ZERO_SCUSE;Ricetta;ADD FORNO ZERO SCUSE;VARIANTI FOOD +;2,8;1;pz
VARIANTI_ FOOD_+_43;Ricetta;ADD FONTAL;ZZZ ARCHIVIO FOOD;1;1;pz
VARIANTI_ FOOD_+_43 ;Ricetta;ADD FONTAL;ZZZ ARCHIVIO FOOD;1;1;pz
VARIANTI_FOOD_+_103;Ricetta;ADD FINOCCHI JULIENNE;VARIANTI FOOD +;1;1;pz
VARIANTI_FOOD_+_95;Ricetta;ADD FINOCCHI GRILL;VARIANTI FOOD +;0,5;1;pz
VARIANTI_ FOOD_+_55;Ricetta;ADD FINOCCHI;VARIANTI FOOD +;0;1;pz
VARIANTI_FOOD_+_102;Ricetta;ADD FAGIOLINI;VARIANTI CONTORNI;1;1;pz
VARIANTI_ FOOD_+_47;Ricetta;ADD EXTRA SUPREMA 150 GR;ZZZ ARCHIVIO FOOD;4;1;pz
VARIANTI_ FOOD_+_59;Ricetta;ADD EXTRA SALMONE;ZZZ ARCHIVIO FOOD;3;1;pz
VARIANTI_ FOOD_+_50;Ricetta;ADD EXTRA SALAMELLA 1 PZ;VARIANTI FOOD +;4;1;pz
VARIANTI_FOOD_+_39;Ricetta;ADD EXTRA PROV. DOLCE;VARIANTI FOOD +;1;1;pz
VARIANTI_ FOOD_+_60;Ricetta;ADD EXTRA POLPO 1 PZ;VARIANTI FOOD +;4;1;pz
VARIANTI_ FOOD_+_44 ;Prodotto;ADD EXTRA PATTY SUINO;ZZZ ARCHIVIO FOOD;0;1;pz
VARIANTI_ FOOD_+_1;Ricetta;ADD EXTRA PATTY MANZO;VARIANTI FOOD +;3,8;1;pz
VARIANTI_ FOOD_+_49;Ricetta;ADD EXTRA PATTY MAIS.;ZZZ ARCHIVIO FOOD;0;1;pz
VARIANTI_ FOOD_+_48;Prodotto;ADD EXTRA PATTY FAGIOLI;ZZZ ARCHIVIO FOOD;3,8;1;pz
VARIANTI_FOOD_+_89;Ricetta;ADD EXTRA PATTY BABY;VARIANTI FOOD +;2,2;1;pz
VARIANTI_ FOOD_+_4;Ricetta;ADD EXTRA PANCETTA;VARIANTI FOOD +;1;1;pz
VARIANTI_FOOD_+_76;Ricetta;ADD EXTRA P. PORK 100 GR;VARIANTI FOOD +;3;1;pz
VARIANTI_FOOD_+_77;Ricetta;ADD EXTRA P. CHICKEN 100 GR;ZZZ ARCHIVIO FOOD;3;1;pz
VARIANTI_FOOD_+_92;Ricetta;ADD EXTRA MERLUZZO;VARIANTI FOOD +;3,8;1;pz
VARIANTI_FOOD_+_91;Ricetta;ADD EXTRA CUBE 100G;VARIANTI FOOD +;4;1;pz
VARIANTI_ FOOD_+_2;Ricetta;ADD EXTRA COTOLETTA 1 PZ;VARIANTI FOOD +;3,5;1;pz
VARIANTI_ FOOD_+_46;Ricetta;ADD EXTRA CONTROFILETTO 100 GR;VARIANTI FOOD +;4;1;pz
VARIANTI_ FOOD_+_62;Ricetta;ADD EXTRA BURGER NO MEAT;VARIANTI FOOD +;0;1;pz
VARIANTI_ SALSE_+_7;Ricetta;ADD EMULSIONE BASILICO;VARIANTI SALSE +;0;1;pz
VARIANTI_ SALSE_+_19;Ricetta;ADD EMULSIONE AL PESTO;VARIANTI SALSE +;0;1;pz
VARIANTI_ SALSE_+_21;Ricetta;ADD EMULSIONE AL FINOCCHIETTO;ZZZ ARCHIVIO FOOD;0;1;pz
VARIANTI_FOOD_+_68;Ricetta;ADD DADOLATA 40G;VARIANTI FOOD +;0,5;1;pz
VARIANTI_FOOD_+_73;Ricetta;ADD CRUMBLE SBRISOLONA;VARIANTI FOOD +;0;1;pz
VARIANTI_ FOOD_+_11;Ricetta;ADD CRUDO;VARIANTI FOOD +;1,8;1;pz
VARIANTI_ FOOD_+_30;Ricetta;ADD CROSTINI;VARIANTI FOOD +;0;1;pz
VARIANTI_ SALSE_+_17;Ricetta;ADD CREMA TARTUFO;ZZZ ARCHIVIO FOOD;0;1;pz
VARIANTI_FOOD_+_83;Ricetta;ADD CREMA PISTACCHIO 50G;VARIANTI FOOD +;1,6;1;pz
VARIANTI_SALSE_+_30;Ricetta;ADD CREMA PECORINO;VARIANTI SALSE +;1,4;1;pz
VARIANTI_FOOD_+_69;Ricetta;ADD CREMA DI ZUCCHINE;ZZZ ARCHIVIO FOOD;0;1;pz
VARIANTI_ FOOD_+_65 ;Ricetta;ADD CREMA DI ZUCCA;ZZZ ARCHIVIO FOOD;0;1;pz
VARIANTI_ SALSE_+_6;Prodotto;ADD CREMA DI GRANA E BASILICO;ZZZ ARCHIVIO FOOD;0;1;pz
VARIANTI_ SALSE_+_5;Ricetta;ADD CREMA DI GRANA;VARIANTI FOOD +;0;1;pz
VARIANTI_FOOD_+_113;Prodotto;ADD CREMA CIOCCOLATO 50G;DESSERT 🍰;2;1;pz
VARIANTI_ FOOD_+_51;Ricetta;ADD COSTINE 175GR;VARIANTI FOOD +;0;1;pz
VARIANTI_ FOOD_+_52;Ricetta;ADD COSCE DI POLLO 1 PZ;VARIANTI FOOD +;4;1;pz
VARIANTI_ SALSE_+_8;Ricetta;ADD CITRONETTE MENTA;ZZZ ARCHIVIO FOOD;0;1;pz
VARIANTI_FOOD_+_96;Ricetta;ADD CIPOLLA GRILL;VARIANTI FOOD +;0,5;1;pz
VARIANTI_ FOOD_+_27;Ricetta;ADD CIPOLLA FRESCA;VARIANTI FOOD +;0,5;1;pz
VARIANTI_ FOOD_+_64;Ricetta;ADD CIPOLLA CARAMELLATA;ZZZ ARCHIVIO FOOD;0;1;pz
VARIANTI_ FOOD_+_64 ;Ricetta;ADD CIPOLLA CARAMELLATA;ZZZ ARCHIVIO FOOD;0;1;pz
VARIANTI CONTORNI_15;Ricetta;ADD CHIPS;VARIANTI CONTORNI;0;1;pz
VARIANTI_ FOOD_+_28;Ricetta;ADD CETRIOLI;VARIANTI FOOD +;0;1;pz
VARIANTI_ FOOD_+_20;Ricetta;ADD CAVOLO ROSSO;VARIANTI FOOD +;0;1;pz
VARIANTI_ FOOD_+_45 ;Prodotto;ADD CAVOLO BIANCO;ZZZ ARCHIVIO FOOD;0;1;pz
VARIANTI_FOOD_+_84;Ricetta;ADD CARPACCIO TARTUFO 10G;ZZZ ARCHIVIO FOOD;2;1;pz
VARIANTI_FOOD_+_104;Ricetta;ADD CAROTE JULIENNE;VARIANTI FOOD +;0,5;1;pz
VARIANTI_FOOD_+_94;Ricetta;ADD CAROTE GRILL;VARIANTI FOOD +;0,5;1;pz
VARIANTI_ FOOD_+_57;Ricetta;ADD CAROTE;VARIANTI FOOD +;0;1;pz
VARIANTI_ FOOD_+_32;Ricetta;ADD CAPRINO;ZZZ ARCHIVIO FOOD;0,5;1;pz
VARIANTI_FOOD_+_90;Ricetta;ADD CAMBIO NO MEAT;VARIANTI FOOD +;0;1;pz
VARIANTI_ FOOD_+_6;Ricetta;ADD BURRATA;VARIANTI FOOD +;2;1;pz
VARIANTI_FOOD_+_108;Ricetta;ADD BUN BABY;VARIANTI FOOD +;0;1;pz
VARIANTI_ FOOD_+_53;Prodotto;ADD BOMBETTE;ZZZ ARCHIVIO FOOD;0;1;pz
VARIANTI_ SALSE_+_22;Ricetta;ADD BBQ ALLA BIRRA;VARIANTI SALSE +;0;1;pz
VARIANTI_ FOOD_+_26;Prodotto;ADD BATTUTO DI OLIVE;ZZZ ARCHIVIO FOOD;0,5;1;pz
VARIANTI_ FOOD_+_25;Ricetta;ADD BATTUTO DI CIPOLLA;ZZZ ARCHIVIO FOOD;0,5;1;pz
VARIANTI_ FOOD_+_37;Ricetta;ADD BASILICO;VARIANTI FOOD +;0;1;pz
VARIANTI_FOOD_+_109;Ricetta;ADD BACON A FETTE;VARIANTI FOOD +;0;1;pz
VARIANTI_FOOD_+_107;Ricetta;ADD ANELLI DI CIPOLLA (6PZ);VARIANTI FOOD +;6,4;1;pz
VARIANTI_ FOOD_+_58;Ricetta;ADD AMARENE;ZZZ ARCHIVIO FOOD;0;1;pz
VARIANTI_ FOOD_+_13;Prodotto;ADD ALICI;ZZZ ARCHIVIO FOOD;0,5;1;pz
BIBITE_16;Ricetta;ACQUA S. PELLEGRINO PET;BIBITE 🥤;0;1;pz
BIBITE_15;Ricetta;ACQUA PANNA PET;BIBITE 🥤;0;1;pz
BIRRE_PLASTICA_17;Ricetta;ACQUA NATURALE PET;BIBITE 🥤;1,5;1;pz
BIBITE_13;Ricetta;ACQUA NATURALE 0,75;BIBITE 🥤;2;1;pz
BIBITE_1;Ricetta;ACQUA NATURALE;BIBITE 🥤;2,5;1;pz
BIBITE_11;Ricetta;ACQUA NAT DIPENDENTI;MENù DIPENDENTI BEVERAGE;0;1;pz
BIRRE_PLASTICA_18;Ricetta;ACQUA GASSATA PET;BIBITE 🥤;1,5;1;pz
BIBITE_12;Ricetta;ACQUA GAS DIPENDENTI;MENù DIPENDENTI BEVERAGE;0;1;pz
BIBITE_14;Ricetta;ACQUA FRIZZANTE 0,75;BIBITE 🥤;2;1;pz
BIBITE_2;Ricetta;ACQUA FRIZZANTE;BIBITE 🥤;2,5;1;pz
SCELTA_ACQUA_STADIO;Prodotto;ACQUA DIP STADIO;BIBITE 🥤;0;1;pz
PROMO_BEACH_8;Prodotto;ABBONAMENTO;MERCHANDISING;252;1;pz
PROMO_BEACH_2;Prodotto;1 OMBRELLONE - 2 LETTINI STANDARD;NOLEGGIO OMBRELLONI;20;1;pz
PROMO_BEACH_1;Prodotto;1 OMBRELLONE - 2 LETTINI PRIMA FILA;NOLEGGIO OMBRELLONI;30;1;pz
PROMO_BEACH_7;Prodotto;1 OMBRELLONE - 2 LETTINI POMERIGGIO;NOLEGGIO OMBRELLONI;20;1;pz
PROMO_BEACH_6;Prodotto;1 OMBRELLONE - 2 LETTINI MATTINA;NOLEGGIO OMBRELLONI;20;1;pz
BIRRE_PLASTICA_6;Ricetta;0.4 ZINGI ALE PLASTICA;BIRRE PLASTICA;0;1;pz
BIRRE_MEDIE_6;Ricetta;0.4 ZINGI ALE;BIRRE 0.4 🍺;6,4;1;pz
BIRRE_MEDIE_17;Ricetta;0.4 WEST IPA;BIRRE 0.4 🍺;0;1;pz
BIRRE_PLASTICA_1;Ricetta;0.4 ULTRA PILS PLASTICA;BIRRE PLASTICA;3,36;1;pz
BIRRE_MEDIE_1;Ricetta;0.4 ULTRA PILS;BIRRE 0.4 🍺;6;1;pz
BIRRE_PLASTICA_15;Ricetta;0.4 SUPER CHIARA PLASTICA;BIRRE PLASTICA;4,8;1;pz
BIRRE_MEDIE_15;Ricetta;0.4 SUPER CHIARA;BIRRE 0.4 🍺;6;1;pz
BIRRE_MEDIE_20;Ricetta;0.4 SUPER BLANCHE;BIRRE 0.4 🍺;0;1;pz
BIRRE_PLASTICA_3;Ricetta;0.4 SUMMER IPA PLASTICA;BIRRE PLASTICA;4,8;1;pz
BIRRE_MEDIE_3;Ricetta;0.4 SUMMER IPA;BIRRE 0.4 🍺;6;1;pz
BIRRE_PLASTICA_21;Ricetta;0.4 SUMMER ALCOOL FREE PLASTICA;BIRRE PLASTICA;9,6;1;pz
BIRRE_MEDIE_22;Ricetta;0.4 SUMMER ALCOOL FREE;BIRRE 0.4 🍺;6,4;1;pz
BIRRE_PLASTICA_9;Ricetta;0.4 SEXY IPA PLASTICA;BIRRE PLASTICA;4,8;1;pz
BIRRE_MEDIE_9;Ricetta;0.4 SEXY IPA;BIRRE 0.4 🍺;6;1;pz
BIRRE_MEDIE_18;Ricetta;0.4 REGINA;BIRRE 0.4 🍺;6;1;pz
BIRRE_MEDIE_14;Ricetta;0.4 RADLER;BIRRE 0.4 🍺;6;1;pz
BIRRE_MEDIE_13;Ricetta;0.4 PANACHE;BIRRE 0.4 🍺;6;1;pz
BIRRE_MEDIE_16;Ricetta;0.4 'O SOLE MIO;BIRRE 0.4 🍺;6,4;1;pz
BIRRE_MEDIE_19;Ricetta;0.4 MAGNUS;BIRRE 0.4 🍺;0;1;pz
BIRRE_PLASTICA_2;Ricetta;0.4 IPER WEISS PLASTICA;BIRRE PLASTICA;4,8;1;pz
BIRRE_MEDIE_2;Ricetta;0.4 IPER WEISS;BIRRE 0.4 🍺;6;1;pz
BIRRE_PLASTICA_11;Ricetta;0.4 IMPERIALE PLASTICA;BIRRE PLASTICA;4,8;1;pz
BIRRE_MEDIE_11;Ricetta;0.4 IMPERIALE;BIRRE 0.4 🍺;6,4;1;pz
BIRRE_PLASTICA_5;Ricetta;0.4 HONEY IPA PLASTICA;BIRRE PLASTICA;4,8;1;pz
BIRRE_MEDIE_5;Ricetta;0.4 HONEY IPA;BIRRE 0.4 🍺;6;1;pz
BIRRE_PLASTICA_4;Ricetta;0.4 EXTRA BITTER PLASTICA;BIRRE PLASTICA;4,8;1;pz
BIRRE_MEDIE_4;Ricetta;0.4 EXTRA BITTER;BIRRE 0.4 🍺;6;1;pz
BIRRE_PLASTICA_8;Ricetta;0.4 COCOA IPA PLASTICA;BIRRE PLASTICA;4,8;1;pz
BIRRE_MEDIE_8;Ricetta;0.4 COCOA IPA;BIRRE 0.4 🍺;6;1;pz
BIRRE_PLASTICA_20;Ricetta;0.4 CHIARA ALCOOL FREE PLASTICA;BIRRE PLASTICA;4,8;1;pz
BIRRE_MEDIE_21;Ricetta;0.4 CHIARA ALCOOL FREE;BIRRE 0.4 🍺;6,4;1;pz
BIRRE_PLASTICA_12;Ricetta;0.4 BLACK STOUT PLASTICA;BIRRE PLASTICA;4,8;1;pz
BIRRE_MEDIE_12;Ricetta;0.4 BLACK STOUT;BIRRE 0.4 🍺;6;1;pz
BIRRE_PLASTICA_7;Ricetta;0.4 BELLA ROSSA PLASTICA;BIRRE PLASTICA;4,8;1;pz
BIRRE_MEDIE_7;Ricetta;0.4 BELLA ROSSA;BIRRE 0.4 🍺;6;1;pz
BIRRE_PLASTICA_10;Ricetta;0.4 + CHE ROSSA PLASTICA;BIRRE PLASTICA;4,8;1;pz
BIRRE_MEDIE_10;Ricetta;0.4 + CHE ROSSA;BIRRE 0.4 🍺;6,4;1;pz
BIBITE_24;Ricetta;0.33 SPRITE;BIBITE 🥤;4;1;pz
BIBITE_26;Ricetta;0.33 FUZE TEA PESCA;BIBITE 🥤;8;1;pz
BIBITE_25;Ricetta;0.33 FUZE TEA LEMON;BIBITE 🥤;4;1;pz
BIBITE_23;Ricetta;0.33 FANTA;BIBITE 🥤;4;1;pz
BIBITE_36;Ricetta;0.33 COCA COLA ZERO CAFFEINA ZERO ZUCCHERI;BIBITE 🥤;4,4;1;pz
BIBITE_22;Ricetta;0.33 COCA COLA ZERO;BIBITE 🥤;4;1;pz
BIRRE_PLASTICA_14;Ricetta;0.3 RADLER PLASTICA;BIRRE PLASTICA;0;1;pz
BIRRE_PLASTICA_13;Ricetta;0.3 PANACHE PLASTICA;BIRRE PLASTICA;0;1;pz
BIRRE_PLASTICA_16;Ricetta;0.3 'O SOLE MIO PLASTICA;BIRRE PLASTICA;4,8;1;pz
BIRRE_PICCOLE_6;Ricetta;0.2 ZINGI ALE;BIRRE 0.2 🍻;3,6;1;pz
BIRRE_PICCOLE_17;Ricetta;0.2 WEST IPA;BIRRE 0.2 🍻;0;1;pz
BIRRE_PICCOLE_1;Ricetta;0.2 ULTRA PILS;BIRRE 0.2 🍻;0;1;pz
BIRRE_PICCOLE_15;Ricetta;0.2 SUPER CHIARA;BIRRE 0.2 🍻;0;1;pz
BIRRE_PICCOLE_20;Ricetta;0.2 SUPER BLANCHE;BIRRE 0.2 🍻;0;1;pz
BIRRE_PICCOLE_3;Ricetta;0.2 SUMMER IPA;BIRRE 0.2 🍻;3,4;1;pz
BIRRE_PICCOLE_22;Ricetta;0.2 SUMMER ALCOOL FREE;BIRRE 0.2 🍻;3,8;1;pz
BIRRE_PICCOLE_9;Ricetta;0.2 SEXY IPA;BIRRE 0.2 🍻;3,4;1;pz
BIRRE_PICCOLE_18;Ricetta;0.2 REGINA;BIRRE 0.2 🍻;3,4;1;pz
BIRRE_PICCOLE_14;Ricetta;0.2 RADLER;BIRRE 0.2 🍻;3,4;1;pz
BIRRE_PICCOLE_13;Ricetta;0.2 PANACHE;BIRRE 0.2 🍻;3,4;1;pz
BIRRE_PICCOLE_16;Ricetta;0.2 'O SOLE MIO;BIRRE 0.2 🍻;3,4;1;pz
BIRRE_PICCOLE_19;Ricetta;0.2 MAGNUS;BIRRE 0.2 🍻;0;1;pz
BIRRE_PICCOLE_2;Ricetta;0.2 IPER WEISS;BIRRE 0.2 🍻;3,4;1;pz
BIRRE_PICCOLE_11;Ricetta;0.2 IMPERIALE;BIRRE 0.2 🍻;3,4;1;pz
BIRRE_PICCOLE_5;Ricetta;0.2 HONEY IPA;BIRRE 0.2 🍻;3,4;1;pz
BIRRE_PICCOLE_4;Ricetta;0.2 EXTRA BITTER;BIRRE 0.2 🍻;3,4;1;pz
BIRRE_PICCOLE_8;Ricetta;0.2 COCOA IPA;BIRRE 0.2 🍻;3,4;1;pz
BIRRE_PICCOLE_21;Ricetta;0.2 CHIARA ALCOOL FREE;BIRRE 0.2 🍻;4;1;pz
BIRRE_PICCOLE_12;Ricetta;0.2 BLACK STOUT;BIRRE 0.2 🍻;3,6;1;pz
BIRRE_PICCOLE_7;Ricetta;0.2 BELLA ROSSA;BIRRE 0.2 🍻;3,4;1;pz
BIRRE_PICCOLE_10;Ricetta;0.2 + CHE ROSSA;BIRRE 0.2 🍻;3,4;1;pz
BIRRE_PLASTICA_19;Ricetta;0,4 SUPER BLANCHE PLASTICA;BIRRE PLASTICA;0;1;pz
ADD_ON_DRINK_6;Ricetta;ADD TANQUERAY;VARIANTI BEVERAGE;0;1;pz
VARIANTI CAFFE'_7;Ricetta;ADD SAMBUCA;VARIANTI CAFFE';0;1;pz
VARIANTI_BEVERAGE_14;Prodotto;#NOME?;PROMO;0;1;pz
VARIANTI CAFFE'_4;Ricetta;ADD MACCHIATO FREDDO;VARIANTI CAFFE';0;1;pz
VARIANTI CAFFE'_3;Ricetta;ADD MACCHIATO CALDO;VARIANTI CAFFE';0;1;pz
VARIANTI BEVERAGE_3;Ricetta;ADD LIMONE;VARIANTI BEVERAGE;0;1;pz
VARIANTI BEVERAGE_4;Ricetta;ADD LIME;VARIANTI BEVERAGE;0;1;pz
VARIANTI CAFFE'_12;Ricetta;ADD LATTE A PARTE;VARIANTI CAFFE';0;1;pz
ADD_ON_DRINK_2;Ricetta;+ HENDRICK'S;COCKTAILS 🍸;2;1;pz
VARIANTI CAFFE'_8;Ricetta;ADD GRAPPA;VARIANTI CAFFE';0;1;pz
ADD_ON_DRINK_3;Ricetta;#NOME?;COCKTAILS 🍸;3;1;pz
ADD_ON_DRINK_5;Ricetta;ADD GIN AMARENA FABBRI;VARIANTI BEVERAGE;3;1;pz
VARIANTI BEVERAGE_13;Prodotto;ADD GHIACCIO;VARIANTI BEVERAGE;0;1;pz
BOTTIGLIE_7;Ricetta;#NOME?;BOTTIGLIE 🍾;3;1;pz
VARIANTI CAFFE'_11;Ricetta;ADD CACAO;VARIANTI CAFFE';0;1;pz
ADD_ON_DRINK_4;Ricetta;#NOME?;COCKTAILS 🍸;3;1;pz
VARIANTI CAFFE'_9;Ricetta;ADD BAILEYS;VARIANTI CAFFE';0;1;pz
VARIANTI BEVERAGE_5;Ricetta;ADD ARANCIA;VARIANTI BEVERAGE;0;1;pz
VARIANTI BEVERAGE_9;Prodotto;ADD 4 BICCHIERI;VARIANTI BEVERAGE;0;1;pz
VARIANTI BEVERAGE_8;Prodotto;+ 3 BICCHIERI;SPILLATORI;0;1;pz
VARIANTI BEVERAGE_7;Prodotto;ADD 2 BICCHIERI;VARIANTI BEVERAGE;0;1;pz
VARIANTI BEVERAGE_6;Prodotto;ADD 1 BICCHIERE;VARIANTI BEVERAGE;0;1;pz
BURGER_25 ;Ricetta;‘NDUJA E BELLA LODI;BURGER 🍔;12,4;1;pz
BURGER_25;Ricetta;‘NDUJA E BELLA LODI;BURGER 🍔;12,4;1;pz
COMMENTI_5;Prodotto;**STARTER**;ZZZ ARCHIVIO FOOD;0;1;pz
